06-04 03:45:10: Training starting...Total steps: 10000000
06-04 03:45:13: Step: 1840 Env #2: New best return at episode #1 -> 0.0!!
06-04 03:45:14: Step: 2640 Env #7: New best return at episode #1 -> 1.0!!
06-04 03:45:16: Step: 3920 Env #4: New best return at episode #1 -> 3.0!!
06-04 03:45:23: Step: 9920 Env #6: New best return at episode #1 -> 4.0!!
06-04 03:45:23: Progress: 0.1% Step: 10000, Average Reward: 0.156, Time Since Last Log: 0:00:13.040618
06-04 03:45:28: Step: 14560 Env #15: New best return at episode #3 -> 5.0!!
06-04 03:45:35: Progress: 0.2% Step: 20000, Average Reward: 0.289, Time Since Last Log: 0:00:11.836358
06-04 03:45:47: Progress: 0.3% Step: 30000, Average Reward: 0.344, Time Since Last Log: 0:00:11.777896
06-04 03:45:59: Progress: 0.4% Step: 40000, Average Reward: 0.424, Time Since Last Log: 0:00:11.768030
06-04 03:46:01: Step: 41840 Env #9: New best return at episode #4 -> 6.0!!
06-04 03:46:10: Progress: 0.5% Step: 50000, Average Reward: 0.519, Time Since Last Log: 0:00:11.723653
06-04 03:46:11: Step: 50880 Env #13: New best return at episode #7 -> 7.0!!
06-04 03:46:22: Progress: 0.6% Step: 60000, Average Reward: 0.481, Time Since Last Log: 0:00:12.064797
06-04 03:46:34: Progress: 0.7% Step: 70000, Average Reward: 0.582, Time Since Last Log: 0:00:11.769446
06-04 03:46:46: Progress: 0.8% Step: 80000, Average Reward: 0.594, Time Since Last Log: 0:00:11.759644
06-04 03:46:58: Progress: 0.9% Step: 90000, Average Reward: 0.632, Time Since Last Log: 0:00:12.062005
06-04 03:47:10: Progress: 1.0% Step: 100000, Average Reward: 0.654, Time Since Last Log: 0:00:11.939281
06-04 03:47:22: Progress: 1.1% Step: 110000, Average Reward: 0.633, Time Since Last Log: 0:00:11.955181
06-04 03:47:34: Progress: 1.2% Step: 120000, Average Reward: 0.645, Time Since Last Log: 0:00:11.843170
06-04 03:47:45: Progress: 1.3% Step: 130000, Average Reward: 0.611, Time Since Last Log: 0:00:11.601140
06-04 03:47:47: Step: 131600 Env #2: New best return at episode #13 -> 9.0!!
06-04 03:47:57: Progress: 1.4% Step: 140000, Average Reward: 0.674, Time Since Last Log: 0:00:11.702022
06-04 03:48:08: Step: 149680 Env #10: New best return at episode #13 -> 10.0!!
06-04 03:48:09: Progress: 1.5% Step: 150000, Average Reward: 0.74, Time Since Last Log: 0:00:11.526752
06-04 03:48:12: Step: 153280 Env #1: New best return at episode #14 -> 13.0!!
06-04 03:48:20: Progress: 1.6% Step: 160000, Average Reward: 0.869, Time Since Last Log: 0:00:11.847020
06-04 03:48:32: Progress: 1.7% Step: 170000, Average Reward: 0.92, Time Since Last Log: 0:00:11.983792
06-04 03:48:44: Progress: 1.8% Step: 180000, Average Reward: 0.961, Time Since Last Log: 0:00:11.922920
06-04 03:48:56: Progress: 1.9% Step: 190000, Average Reward: 0.926, Time Since Last Log: 0:00:11.975701
06-04 03:49:08: Progress: 2.0% Step: 200000, Average Reward: 0.985, Time Since Last Log: 0:00:11.712638
06-04 03:49:20: Progress: 2.1% Step: 210000, Average Reward: 1.02, Time Since Last Log: 0:00:11.821668
06-04 03:49:32: Progress: 2.2% Step: 220000, Average Reward: 0.976, Time Since Last Log: 0:00:12.060294
06-04 03:49:44: Progress: 2.3% Step: 230000, Average Reward: 0.979, Time Since Last Log: 0:00:11.874654
06-04 03:49:56: Progress: 2.4% Step: 240000, Average Reward: 0.992, Time Since Last Log: 0:00:12.046861
06-04 03:50:08: Progress: 2.5% Step: 250000, Average Reward: 1.001, Time Since Last Log: 0:00:12.003253
06-04 03:50:20: Progress: 2.6% Step: 260000, Average Reward: 1.017, Time Since Last Log: 0:00:12.250744
06-04 03:50:32: Progress: 2.7% Step: 270000, Average Reward: 1.041, Time Since Last Log: 0:00:11.827181
06-04 03:50:44: Progress: 2.8% Step: 280000, Average Reward: 1.103, Time Since Last Log: 0:00:11.730870
06-04 03:50:55: Progress: 2.9% Step: 290000, Average Reward: 1.087, Time Since Last Log: 0:00:11.660759
06-04 03:51:07: Progress: 3.0% Step: 300000, Average Reward: 1.096, Time Since Last Log: 0:00:11.795510
06-04 03:51:19: Progress: 3.1% Step: 310000, Average Reward: 1.103, Time Since Last Log: 0:00:11.916970
06-04 03:51:31: Progress: 3.2% Step: 320000, Average Reward: 1.077, Time Since Last Log: 0:00:11.801330
06-04 03:51:43: Progress: 3.3% Step: 330000, Average Reward: 1.114, Time Since Last Log: 0:00:11.861033
06-04 03:51:54: Progress: 3.4% Step: 340000, Average Reward: 1.133, Time Since Last Log: 0:00:11.737549
06-04 03:52:06: Progress: 3.5% Step: 350000, Average Reward: 1.132, Time Since Last Log: 0:00:11.766879
06-04 03:52:18: Progress: 3.6% Step: 360000, Average Reward: 1.152, Time Since Last Log: 0:00:11.775049
06-04 03:52:30: Progress: 3.7% Step: 370000, Average Reward: 1.168, Time Since Last Log: 0:00:11.618989
06-04 03:52:41: Progress: 3.8% Step: 380000, Average Reward: 1.208, Time Since Last Log: 0:00:11.742797
06-04 03:52:53: Progress: 3.9% Step: 390000, Average Reward: 1.247, Time Since Last Log: 0:00:11.735069
06-04 03:53:05: Progress: 4.0% Step: 400000, Average Reward: 1.245, Time Since Last Log: 0:00:11.638667
06-04 03:53:16: Progress: 4.1% Step: 410000, Average Reward: 1.285, Time Since Last Log: 0:00:11.576682
06-04 03:53:28: Progress: 4.2% Step: 420000, Average Reward: 1.346, Time Since Last Log: 0:00:11.529740
06-04 03:53:39: Progress: 4.3% Step: 430000, Average Reward: 1.402, Time Since Last Log: 0:00:11.515093
06-04 03:53:51: Progress: 4.4% Step: 440000, Average Reward: 1.446, Time Since Last Log: 0:00:11.488484
06-04 03:54:02: Progress: 4.5% Step: 450000, Average Reward: 1.464, Time Since Last Log: 0:00:11.582004
06-04 03:54:12: Step: 458160 Env #3: New best return at episode #42 -> 16.0!!
06-04 03:54:14: Progress: 4.6% Step: 460000, Average Reward: 1.525, Time Since Last Log: 0:00:11.540182
06-04 03:54:25: Progress: 4.7% Step: 470000, Average Reward: 1.554, Time Since Last Log: 0:00:11.451549
06-04 03:54:37: Progress: 4.8% Step: 480000, Average Reward: 1.604, Time Since Last Log: 0:00:11.303525
06-04 03:54:48: Progress: 4.9% Step: 490000, Average Reward: 1.621, Time Since Last Log: 0:00:11.464630
06-04 03:54:59: Progress: 5.0% Step: 500000, Average Reward: 1.615, Time Since Last Log: 0:00:11.340452
06-04 03:55:11: Progress: 5.1% Step: 510000, Average Reward: 1.671, Time Since Last Log: 0:00:11.319769
06-04 03:55:22: Progress: 5.2% Step: 520000, Average Reward: 1.661, Time Since Last Log: 0:00:11.438074
06-04 03:55:34: Progress: 5.3% Step: 530000, Average Reward: 1.696, Time Since Last Log: 0:00:11.545384
06-04 03:55:45: Progress: 5.4% Step: 540000, Average Reward: 1.763, Time Since Last Log: 0:00:11.493408
06-04 03:55:57: Step: 550000 Env #3: New best return at episode #43 -> 24.0!!
06-04 03:55:57: Progress: 5.5% Step: 550000, Average Reward: 1.792, Time Since Last Log: 0:00:11.571382
06-04 03:56:08: Progress: 5.6% Step: 560000, Average Reward: 1.81, Time Since Last Log: 0:00:11.278254
06-04 03:56:20: Progress: 5.7% Step: 570000, Average Reward: 1.818, Time Since Last Log: 0:00:11.569640
06-04 03:56:31: Progress: 5.8% Step: 580000, Average Reward: 1.857, Time Since Last Log: 0:00:11.513878
06-04 03:56:43: Progress: 5.9% Step: 590000, Average Reward: 1.878, Time Since Last Log: 0:00:11.519069
06-04 03:56:54: Progress: 6.0% Step: 600000, Average Reward: 1.874, Time Since Last Log: 0:00:11.677254
06-04 03:57:06: Progress: 6.1% Step: 610000, Average Reward: 1.913, Time Since Last Log: 0:00:11.461477
06-04 03:57:17: Progress: 6.2% Step: 620000, Average Reward: 1.954, Time Since Last Log: 0:00:11.451490
06-04 03:57:29: Progress: 6.3% Step: 630000, Average Reward: 1.963, Time Since Last Log: 0:00:11.692213
06-04 03:57:41: Progress: 6.4% Step: 640000, Average Reward: 1.973, Time Since Last Log: 0:00:11.613204
06-04 03:57:52: Progress: 6.5% Step: 650000, Average Reward: 1.996, Time Since Last Log: 0:00:11.476472
06-04 03:58:03: Progress: 6.6% Step: 660000, Average Reward: 2.038, Time Since Last Log: 0:00:11.411413
06-04 03:58:15: Progress: 6.7% Step: 670000, Average Reward: 2.133, Time Since Last Log: 0:00:11.654842
06-04 03:58:27: Progress: 6.8% Step: 680000, Average Reward: 2.172, Time Since Last Log: 0:00:11.506676
06-04 03:58:30: Step: 683360 Env #12: New best return at episode #45 -> 27.0!!
06-04 03:58:38: Progress: 6.9% Step: 690000, Average Reward: 2.223, Time Since Last Log: 0:00:11.483573
06-04 03:58:50: Progress: 7.0% Step: 700000, Average Reward: 2.243, Time Since Last Log: 0:00:11.516528
06-04 03:59:01: Progress: 7.1% Step: 710000, Average Reward: 2.262, Time Since Last Log: 0:00:11.553460
06-04 03:59:13: Progress: 7.2% Step: 720000, Average Reward: 2.302, Time Since Last Log: 0:00:11.573396
06-04 03:59:24: Progress: 7.3% Step: 730000, Average Reward: 2.353, Time Since Last Log: 0:00:11.675364
06-04 03:59:36: Progress: 7.4% Step: 740000, Average Reward: 2.42, Time Since Last Log: 0:00:11.665436
06-04 03:59:48: Progress: 7.5% Step: 750000, Average Reward: 2.453, Time Since Last Log: 0:00:11.452767
06-04 03:59:59: Progress: 7.6% Step: 760000, Average Reward: 2.453, Time Since Last Log: 0:00:11.466025
06-04 04:00:10: Progress: 7.7% Step: 770000, Average Reward: 2.447, Time Since Last Log: 0:00:11.464347
06-04 04:00:22: Progress: 7.8% Step: 780000, Average Reward: 2.522, Time Since Last Log: 0:00:11.689323
06-04 04:00:34: Progress: 7.9% Step: 790000, Average Reward: 2.546, Time Since Last Log: 0:00:11.422996
06-04 04:00:45: Progress: 8.0% Step: 800000, Average Reward: 2.58, Time Since Last Log: 0:00:11.797369
06-04 04:00:57: Progress: 8.1% Step: 810000, Average Reward: 2.612, Time Since Last Log: 0:00:11.249677
06-04 04:01:08: Progress: 8.2% Step: 820000, Average Reward: 2.64, Time Since Last Log: 0:00:11.202747
06-04 04:01:19: Progress: 8.3% Step: 830000, Average Reward: 2.69, Time Since Last Log: 0:00:11.326646
06-04 04:01:30: Progress: 8.4% Step: 840000, Average Reward: 2.742, Time Since Last Log: 0:00:11.219352
06-04 04:01:40: Step: 848160 Env #15: New best return at episode #52 -> 31.0!!
06-04 04:01:42: Progress: 8.5% Step: 850000, Average Reward: 2.75, Time Since Last Log: 0:00:11.309496
06-04 04:01:53: Progress: 8.6% Step: 860000, Average Reward: 2.804, Time Since Last Log: 0:00:11.298141
06-04 04:02:05: Progress: 8.7% Step: 870000, Average Reward: 2.881, Time Since Last Log: 0:00:11.529513
06-04 04:02:16: Progress: 8.8% Step: 880000, Average Reward: 2.895, Time Since Last Log: 0:00:11.590543
06-04 04:02:27: Progress: 8.9% Step: 890000, Average Reward: 2.942, Time Since Last Log: 0:00:11.278711
06-04 04:02:39: Progress: 9.0% Step: 900000, Average Reward: 2.959, Time Since Last Log: 0:00:11.375559
06-04 04:02:50: Progress: 9.1% Step: 910000, Average Reward: 2.961, Time Since Last Log: 0:00:11.322003
06-04 04:03:01: Progress: 9.2% Step: 920000, Average Reward: 3.0, Time Since Last Log: 0:00:11.237262
06-04 04:03:13: Progress: 9.3% Step: 930000, Average Reward: 3.022, Time Since Last Log: 0:00:11.267450
06-04 04:03:24: Progress: 9.4% Step: 940000, Average Reward: 3.059, Time Since Last Log: 0:00:11.157756
06-04 04:03:35: Progress: 9.5% Step: 950000, Average Reward: 3.101, Time Since Last Log: 0:00:11.307240
06-04 04:03:46: Progress: 9.6% Step: 960000, Average Reward: 3.137, Time Since Last Log: 0:00:11.388186
06-04 04:03:58: Progress: 9.7% Step: 970000, Average Reward: 3.15, Time Since Last Log: 0:00:11.296947
06-04 04:04:09: Progress: 9.8% Step: 980000, Average Reward: 3.17, Time Since Last Log: 0:00:11.298364
06-04 04:04:20: Progress: 9.9% Step: 990000, Average Reward: 3.224, Time Since Last Log: 0:00:11.168544
06-04 04:04:31: Progress: 10.0% Step: 1000000, Average Reward: 3.25, Time Since Last Log: 0:00:11.242238
06-04 04:04:47: Test Results over 10 episodes: 
Average Reward: 15.700 
Max Reward: 46.0 
Min Reward: 1.0 
Standard Deviation: 12.133
06-04 04:04:56: Step: 1007440 Env #14: New best return at episode #69 -> 53.0!!
06-04 04:04:59: Progress: 10.1% Step: 1010000, Average Reward: 3.286, Time Since Last Log: 0:00:27.279873
06-04 04:05:10: Progress: 10.2% Step: 1020000, Average Reward: 3.351, Time Since Last Log: 0:00:11.278443
06-04 04:05:21: Progress: 10.3% Step: 1030000, Average Reward: 3.36, Time Since Last Log: 0:00:11.281006
06-04 04:05:33: Progress: 10.4% Step: 1040000, Average Reward: 3.4, Time Since Last Log: 0:00:11.313396
06-04 04:05:44: Progress: 10.5% Step: 1050000, Average Reward: 3.513, Time Since Last Log: 0:00:11.271751
06-04 04:05:55: Progress: 10.6% Step: 1060000, Average Reward: 3.557, Time Since Last Log: 0:00:11.242248
06-04 04:06:07: Progress: 10.7% Step: 1070000, Average Reward: 3.589, Time Since Last Log: 0:00:11.411057
06-04 04:06:18: Progress: 10.8% Step: 1080000, Average Reward: 3.636, Time Since Last Log: 0:00:11.587720
06-04 04:06:29: Progress: 10.9% Step: 1090000, Average Reward: 3.65, Time Since Last Log: 0:00:11.284714
06-04 04:06:41: Progress: 11.0% Step: 1100000, Average Reward: 3.663, Time Since Last Log: 0:00:11.385420
06-04 04:06:52: Progress: 11.1% Step: 1110000, Average Reward: 3.673, Time Since Last Log: 0:00:11.172790
06-04 04:07:03: Progress: 11.2% Step: 1120000, Average Reward: 3.704, Time Since Last Log: 0:00:11.229097
06-04 04:07:14: Progress: 11.3% Step: 1130000, Average Reward: 3.764, Time Since Last Log: 0:00:11.279806
06-04 04:07:26: Progress: 11.4% Step: 1140000, Average Reward: 3.831, Time Since Last Log: 0:00:11.204626
06-04 04:07:37: Progress: 11.5% Step: 1150000, Average Reward: 3.878, Time Since Last Log: 0:00:11.282188
06-04 04:07:48: Progress: 11.6% Step: 1160000, Average Reward: 3.895, Time Since Last Log: 0:00:11.155202
06-04 04:08:00: Progress: 11.7% Step: 1170000, Average Reward: 3.975, Time Since Last Log: 0:00:11.513848
06-04 04:08:11: Progress: 11.8% Step: 1180000, Average Reward: 3.987, Time Since Last Log: 0:00:11.253948
06-04 04:08:22: Progress: 11.9% Step: 1190000, Average Reward: 4.036, Time Since Last Log: 0:00:10.971483
06-04 04:08:33: Progress: 12.0% Step: 1200000, Average Reward: 4.109, Time Since Last Log: 0:00:11.245656
06-04 04:08:44: Progress: 12.1% Step: 1210000, Average Reward: 4.112, Time Since Last Log: 0:00:11.258959
06-04 04:08:56: Progress: 12.2% Step: 1220000, Average Reward: 4.121, Time Since Last Log: 0:00:11.415480
06-04 04:09:07: Progress: 12.3% Step: 1230000, Average Reward: 4.178, Time Since Last Log: 0:00:11.262561
06-04 04:09:18: Progress: 12.4% Step: 1240000, Average Reward: 4.163, Time Since Last Log: 0:00:11.226800
06-04 04:09:30: Progress: 12.5% Step: 1250000, Average Reward: 4.191, Time Since Last Log: 0:00:11.607995
06-04 04:09:41: Progress: 12.6% Step: 1260000, Average Reward: 4.205, Time Since Last Log: 0:00:11.340605
06-04 04:09:52: Progress: 12.7% Step: 1270000, Average Reward: 4.24, Time Since Last Log: 0:00:11.149585
06-04 04:10:04: Progress: 12.8% Step: 1280000, Average Reward: 4.307, Time Since Last Log: 0:00:11.354714
06-04 04:10:15: Progress: 12.9% Step: 1290000, Average Reward: 4.378, Time Since Last Log: 0:00:11.341448
06-04 04:10:27: Progress: 13.0% Step: 1300000, Average Reward: 4.356, Time Since Last Log: 0:00:11.441793
06-04 04:10:38: Progress: 13.1% Step: 1310000, Average Reward: 4.412, Time Since Last Log: 0:00:11.297385
06-04 04:10:49: Progress: 13.2% Step: 1320000, Average Reward: 4.453, Time Since Last Log: 0:00:11.174303
06-04 04:11:01: Progress: 13.3% Step: 1330000, Average Reward: 4.496, Time Since Last Log: 0:00:11.553166
06-04 04:11:12: Progress: 13.4% Step: 1340000, Average Reward: 4.508, Time Since Last Log: 0:00:11.137819
06-04 04:11:23: Progress: 13.5% Step: 1350000, Average Reward: 4.588, Time Since Last Log: 0:00:11.416506
06-04 04:11:34: Progress: 13.6% Step: 1360000, Average Reward: 4.654, Time Since Last Log: 0:00:11.172540
06-04 04:11:45: Progress: 13.7% Step: 1370000, Average Reward: 4.785, Time Since Last Log: 0:00:11.152782
06-04 04:11:57: Progress: 13.8% Step: 1380000, Average Reward: 4.754, Time Since Last Log: 0:00:11.295511
06-04 04:12:08: Progress: 13.9% Step: 1390000, Average Reward: 4.773, Time Since Last Log: 0:00:11.328216
06-04 04:12:20: Progress: 14.0% Step: 1400000, Average Reward: 4.797, Time Since Last Log: 0:00:11.480612
06-04 04:12:31: Progress: 14.1% Step: 1410000, Average Reward: 4.775, Time Since Last Log: 0:00:11.016270
06-04 04:12:42: Progress: 14.2% Step: 1420000, Average Reward: 4.827, Time Since Last Log: 0:00:11.170353
06-04 04:12:42: Step: 1420720 Env #7: New best return at episode #55 -> 55.0!!
06-04 04:12:53: Progress: 14.3% Step: 1430000, Average Reward: 4.895, Time Since Last Log: 0:00:11.190605
06-04 04:13:04: Progress: 14.4% Step: 1440000, Average Reward: 4.909, Time Since Last Log: 0:00:11.085917
06-04 04:13:15: Progress: 14.5% Step: 1450000, Average Reward: 4.909, Time Since Last Log: 0:00:11.022345
06-04 04:13:26: Progress: 14.6% Step: 1460000, Average Reward: 4.953, Time Since Last Log: 0:00:11.165320
06-04 04:13:37: Progress: 14.7% Step: 1470000, Average Reward: 4.953, Time Since Last Log: 0:00:11.183898
06-04 04:13:49: Progress: 14.8% Step: 1480000, Average Reward: 4.992, Time Since Last Log: 0:00:11.209224
06-04 04:14:00: Progress: 14.9% Step: 1490000, Average Reward: 5.061, Time Since Last Log: 0:00:11.538524
06-04 04:14:11: Progress: 15.0% Step: 1500000, Average Reward: 5.097, Time Since Last Log: 0:00:11.063784
06-04 04:14:22: Progress: 15.1% Step: 1510000, Average Reward: 5.149, Time Since Last Log: 0:00:11.223073
06-04 04:14:34: Progress: 15.2% Step: 1520000, Average Reward: 5.163, Time Since Last Log: 0:00:11.349013
06-04 04:14:45: Progress: 15.3% Step: 1530000, Average Reward: 5.186, Time Since Last Log: 0:00:11.255607
06-04 04:14:56: Progress: 15.4% Step: 1540000, Average Reward: 5.283, Time Since Last Log: 0:00:11.233280
06-04 04:15:07: Progress: 15.5% Step: 1550000, Average Reward: 5.286, Time Since Last Log: 0:00:11.207963
06-04 04:15:19: Progress: 15.6% Step: 1560000, Average Reward: 5.349, Time Since Last Log: 0:00:11.368997
06-04 04:15:22: Step: 1562880 Env #1: New best return at episode #62 -> 73.0!!
06-04 04:15:30: Progress: 15.7% Step: 1570000, Average Reward: 5.478, Time Since Last Log: 0:00:11.324001
06-04 04:15:41: Progress: 15.8% Step: 1580000, Average Reward: 5.478, Time Since Last Log: 0:00:11.297941
06-04 04:15:53: Progress: 15.9% Step: 1590000, Average Reward: 5.478, Time Since Last Log: 0:00:11.180101
06-04 04:16:04: Progress: 16.0% Step: 1600000, Average Reward: 5.478, Time Since Last Log: 0:00:11.384298
06-04 04:16:15: Progress: 16.1% Step: 1610000, Average Reward: 5.58, Time Since Last Log: 0:00:11.230144
06-04 04:16:27: Progress: 16.2% Step: 1620000, Average Reward: 5.618, Time Since Last Log: 0:00:11.324074
06-04 04:16:38: Progress: 16.3% Step: 1630000, Average Reward: 5.684, Time Since Last Log: 0:00:11.247394
06-04 04:16:46: Step: 1637360 Env #9: New best return at episode #70 -> 76.0!!
06-04 04:16:49: Progress: 16.4% Step: 1640000, Average Reward: 5.827, Time Since Last Log: 0:00:11.030139
06-04 04:17:00: Progress: 16.5% Step: 1650000, Average Reward: 5.85, Time Since Last Log: 0:00:11.214259
06-04 04:17:12: Progress: 16.6% Step: 1660000, Average Reward: 5.869, Time Since Last Log: 0:00:11.465941
06-04 04:17:23: Progress: 16.7% Step: 1670000, Average Reward: 5.94, Time Since Last Log: 0:00:11.245870
06-04 04:17:34: Progress: 16.8% Step: 1680000, Average Reward: 6.054, Time Since Last Log: 0:00:11.237704
06-04 04:17:45: Progress: 16.9% Step: 1690000, Average Reward: 6.161, Time Since Last Log: 0:00:11.362881
06-04 04:17:56: Progress: 17.0% Step: 1700000, Average Reward: 6.199, Time Since Last Log: 0:00:11.066184
06-04 04:18:08: Progress: 17.1% Step: 1710000, Average Reward: 6.28, Time Since Last Log: 0:00:11.231053
06-04 04:18:19: Progress: 17.2% Step: 1720000, Average Reward: 6.335, Time Since Last Log: 0:00:11.321869
06-04 04:18:30: Progress: 17.3% Step: 1730000, Average Reward: 6.365, Time Since Last Log: 0:00:11.168047
06-04 04:18:41: Progress: 17.4% Step: 1740000, Average Reward: 6.385, Time Since Last Log: 0:00:11.265047
06-04 04:18:53: Progress: 17.5% Step: 1750000, Average Reward: 6.385, Time Since Last Log: 0:00:11.188181
06-04 04:18:54: Step: 1751600 Env #11: New best return at episode #64 -> 167.0!!
06-04 04:19:04: Progress: 17.6% Step: 1760000, Average Reward: 6.532, Time Since Last Log: 0:00:11.114560
06-04 04:19:15: Progress: 17.7% Step: 1770000, Average Reward: 6.7, Time Since Last Log: 0:00:11.156015
06-04 04:19:26: Progress: 17.8% Step: 1780000, Average Reward: 6.7, Time Since Last Log: 0:00:11.200438
06-04 04:19:37: Progress: 17.9% Step: 1790000, Average Reward: 6.739, Time Since Last Log: 0:00:11.253747
06-04 04:19:49: Progress: 18.0% Step: 1800000, Average Reward: 6.762, Time Since Last Log: 0:00:11.281895
06-04 04:20:00: Progress: 18.1% Step: 1810000, Average Reward: 6.783, Time Since Last Log: 0:00:11.287081
06-04 04:20:11: Progress: 18.2% Step: 1820000, Average Reward: 6.812, Time Since Last Log: 0:00:11.311763
06-04 04:20:23: Progress: 18.3% Step: 1830000, Average Reward: 6.843, Time Since Last Log: 0:00:11.431421
06-04 04:20:34: Progress: 18.4% Step: 1840000, Average Reward: 6.852, Time Since Last Log: 0:00:11.210033
06-04 04:20:45: Progress: 18.5% Step: 1850000, Average Reward: 6.936, Time Since Last Log: 0:00:11.233907
06-04 04:20:56: Progress: 18.6% Step: 1860000, Average Reward: 6.936, Time Since Last Log: 0:00:11.197658
06-04 04:21:08: Progress: 18.7% Step: 1870000, Average Reward: 7.056, Time Since Last Log: 0:00:11.381542
06-04 04:21:19: Progress: 18.8% Step: 1880000, Average Reward: 7.072, Time Since Last Log: 0:00:11.261246
06-04 04:21:30: Progress: 18.9% Step: 1890000, Average Reward: 7.072, Time Since Last Log: 0:00:11.352175
06-04 04:21:37: Step: 1895600 Env #9: New best return at episode #75 -> 304.0!!
06-04 04:21:42: Progress: 19.0% Step: 1900000, Average Reward: 7.328, Time Since Last Log: 0:00:11.265304
06-04 04:21:53: Progress: 19.1% Step: 1910000, Average Reward: 7.373, Time Since Last Log: 0:00:11.492636
06-04 04:22:04: Progress: 19.2% Step: 1920000, Average Reward: 7.42, Time Since Last Log: 0:00:11.164423
06-04 04:22:15: Progress: 19.3% Step: 1930000, Average Reward: 7.449, Time Since Last Log: 0:00:11.263752
06-04 04:22:27: Progress: 19.4% Step: 1940000, Average Reward: 7.763, Time Since Last Log: 0:00:11.252378
06-04 04:22:38: Progress: 19.5% Step: 1950000, Average Reward: 7.813, Time Since Last Log: 0:00:11.165381
06-04 04:22:49: Progress: 19.6% Step: 1960000, Average Reward: 7.905, Time Since Last Log: 0:00:11.138928
06-04 04:23:00: Progress: 19.7% Step: 1970000, Average Reward: 7.925, Time Since Last Log: 0:00:11.176255
06-04 04:23:11: Progress: 19.8% Step: 1980000, Average Reward: 7.979, Time Since Last Log: 0:00:11.098667
06-04 04:23:22: Progress: 19.9% Step: 1990000, Average Reward: 8.158, Time Since Last Log: 0:00:11.201359
06-04 04:23:34: Progress: 20.0% Step: 2000000, Average Reward: 8.181, Time Since Last Log: 0:00:11.446155
06-04 04:24:11: Test Results over 10 episodes: 
Average Reward: 79.700 
Max Reward: 219.0 
Min Reward: 19.0 
Standard Deviation: 51.186
06-04 04:24:24: Progress: 20.1% Step: 2010000, Average Reward: 8.192, Time Since Last Log: 0:00:50.069139
06-04 04:24:35: Progress: 20.2% Step: 2020000, Average Reward: 8.272, Time Since Last Log: 0:00:11.139900
06-04 04:24:46: Progress: 20.3% Step: 2030000, Average Reward: 8.383, Time Since Last Log: 0:00:11.297480
06-04 04:24:58: Progress: 20.4% Step: 2040000, Average Reward: 8.345, Time Since Last Log: 0:00:11.304799
06-04 04:25:09: Progress: 20.5% Step: 2050000, Average Reward: 8.461, Time Since Last Log: 0:00:11.330088
06-04 04:25:20: Progress: 20.6% Step: 2060000, Average Reward: 8.473, Time Since Last Log: 0:00:11.301307
06-04 04:25:32: Progress: 20.7% Step: 2070000, Average Reward: 8.654, Time Since Last Log: 0:00:11.142926
06-04 04:25:43: Progress: 20.8% Step: 2080000, Average Reward: 8.656, Time Since Last Log: 0:00:11.341929
06-04 04:25:48: Step: 2084880 Env #1: New best return at episode #66 -> 319.0!!
06-04 04:25:54: Progress: 20.9% Step: 2090000, Average Reward: 8.878, Time Since Last Log: 0:00:11.399782
06-04 04:26:06: Progress: 21.0% Step: 2100000, Average Reward: 8.924, Time Since Last Log: 0:00:11.373998
06-04 04:26:17: Progress: 21.1% Step: 2110000, Average Reward: 8.924, Time Since Last Log: 0:00:11.139391
06-04 04:26:28: Progress: 21.2% Step: 2120000, Average Reward: 8.896, Time Since Last Log: 0:00:11.283862
06-04 04:26:39: Progress: 21.3% Step: 2130000, Average Reward: 9.146, Time Since Last Log: 0:00:11.193804
06-04 04:26:50: Progress: 21.4% Step: 2140000, Average Reward: 9.259, Time Since Last Log: 0:00:11.162008
06-04 04:27:02: Progress: 21.5% Step: 2150000, Average Reward: 9.291, Time Since Last Log: 0:00:11.269008
06-04 04:27:13: Progress: 21.6% Step: 2160000, Average Reward: 9.291, Time Since Last Log: 0:00:11.383039
06-04 04:27:24: Progress: 21.7% Step: 2170000, Average Reward: 9.383, Time Since Last Log: 0:00:11.411737
06-04 04:27:36: Progress: 21.8% Step: 2180000, Average Reward: 9.418, Time Since Last Log: 0:00:11.168065
06-04 04:27:47: Progress: 21.9% Step: 2190000, Average Reward: 9.502, Time Since Last Log: 0:00:11.368609
06-04 04:27:58: Progress: 22.0% Step: 2200000, Average Reward: 9.54, Time Since Last Log: 0:00:10.933751
06-04 04:28:09: Progress: 22.1% Step: 2210000, Average Reward: 9.59, Time Since Last Log: 0:00:11.195859
06-04 04:28:20: Progress: 22.2% Step: 2220000, Average Reward: 9.641, Time Since Last Log: 0:00:11.212828
06-04 04:28:32: Progress: 22.3% Step: 2230000, Average Reward: 9.756, Time Since Last Log: 0:00:11.274148
06-04 04:28:43: Progress: 22.4% Step: 2240000, Average Reward: 9.875, Time Since Last Log: 0:00:11.190397
06-04 04:28:54: Progress: 22.5% Step: 2250000, Average Reward: 9.943, Time Since Last Log: 0:00:11.636769
06-04 04:29:06: Progress: 22.6% Step: 2260000, Average Reward: 9.943, Time Since Last Log: 0:00:11.179020
06-04 04:29:17: Progress: 22.7% Step: 2270000, Average Reward: 10.104, Time Since Last Log: 0:00:11.227824
06-04 04:29:28: Progress: 22.8% Step: 2280000, Average Reward: 10.054, Time Since Last Log: 0:00:11.228759
06-04 04:29:39: Progress: 22.9% Step: 2290000, Average Reward: 10.12, Time Since Last Log: 0:00:11.084840
06-04 04:29:50: Progress: 23.0% Step: 2300000, Average Reward: 10.146, Time Since Last Log: 0:00:11.209879
06-04 04:30:02: Progress: 23.1% Step: 2310000, Average Reward: 10.181, Time Since Last Log: 0:00:11.324359
06-04 04:30:13: Progress: 23.2% Step: 2320000, Average Reward: 10.181, Time Since Last Log: 0:00:11.334346
06-04 04:30:24: Progress: 23.3% Step: 2330000, Average Reward: 10.413, Time Since Last Log: 0:00:11.365200
06-04 04:30:36: Progress: 23.4% Step: 2340000, Average Reward: 10.503, Time Since Last Log: 0:00:11.379426
06-04 04:30:47: Progress: 23.5% Step: 2350000, Average Reward: 10.552, Time Since Last Log: 0:00:11.165720
06-04 04:30:58: Progress: 23.6% Step: 2360000, Average Reward: 10.635, Time Since Last Log: 0:00:11.080294
06-04 04:31:09: Progress: 23.7% Step: 2370000, Average Reward: 10.588, Time Since Last Log: 0:00:11.239713
06-04 04:31:21: Progress: 23.8% Step: 2380000, Average Reward: 10.588, Time Since Last Log: 0:00:11.270324
06-04 04:31:32: Progress: 23.9% Step: 2390000, Average Reward: 10.695, Time Since Last Log: 0:00:11.215563
06-04 04:31:43: Progress: 24.0% Step: 2400000, Average Reward: 10.966, Time Since Last Log: 0:00:11.320215
06-04 04:31:54: Progress: 24.1% Step: 2410000, Average Reward: 10.966, Time Since Last Log: 0:00:11.210329
06-04 04:32:06: Progress: 24.2% Step: 2420000, Average Reward: 11.08, Time Since Last Log: 0:00:11.531682
06-04 04:32:17: Progress: 24.3% Step: 2430000, Average Reward: 11.111, Time Since Last Log: 0:00:11.209048
06-04 04:32:28: Progress: 24.4% Step: 2440000, Average Reward: 11.212, Time Since Last Log: 0:00:11.294317
06-04 04:32:40: Progress: 24.5% Step: 2450000, Average Reward: 11.317, Time Since Last Log: 0:00:11.377948
06-04 04:32:51: Progress: 24.6% Step: 2460000, Average Reward: 11.295, Time Since Last Log: 0:00:11.303329
06-04 04:33:02: Progress: 24.7% Step: 2470000, Average Reward: 11.295, Time Since Last Log: 0:00:11.268595
06-04 04:33:14: Progress: 24.8% Step: 2480000, Average Reward: 11.356, Time Since Last Log: 0:00:11.269486
06-04 04:33:25: Progress: 24.9% Step: 2490000, Average Reward: 11.356, Time Since Last Log: 0:00:11.953524
06-04 04:33:37: Progress: 25.0% Step: 2500000, Average Reward: 11.505, Time Since Last Log: 0:00:11.262094
06-04 04:33:48: Progress: 25.1% Step: 2510000, Average Reward: 11.505, Time Since Last Log: 0:00:11.437862
06-04 04:34:00: Progress: 25.2% Step: 2520000, Average Reward: 11.505, Time Since Last Log: 0:00:11.398564
06-04 04:34:11: Progress: 25.3% Step: 2530000, Average Reward: 11.566, Time Since Last Log: 0:00:11.412034
06-04 04:34:22: Progress: 25.4% Step: 2540000, Average Reward: 11.64, Time Since Last Log: 0:00:11.167144
06-04 04:34:33: Progress: 25.5% Step: 2550000, Average Reward: 12.042, Time Since Last Log: 0:00:11.267465
06-04 04:34:45: Progress: 25.6% Step: 2560000, Average Reward: 12.042, Time Since Last Log: 0:00:11.298061
06-04 04:34:51: Step: 2565440 Env #11: New best return at episode #76 -> 323.0!!
06-04 04:34:56: Progress: 25.7% Step: 2570000, Average Reward: 12.276, Time Since Last Log: 0:00:11.408412
06-04 04:35:07: Progress: 25.8% Step: 2580000, Average Reward: 12.568, Time Since Last Log: 0:00:11.289830
06-04 04:35:19: Progress: 25.9% Step: 2590000, Average Reward: 12.62, Time Since Last Log: 0:00:11.256382
06-04 04:35:30: Progress: 26.0% Step: 2600000, Average Reward: 12.665, Time Since Last Log: 0:00:11.233540
06-04 04:35:41: Progress: 26.1% Step: 2610000, Average Reward: 12.755, Time Since Last Log: 0:00:11.196307
06-04 04:35:52: Progress: 26.2% Step: 2620000, Average Reward: 12.791, Time Since Last Log: 0:00:11.137998
06-04 04:36:03: Progress: 26.3% Step: 2630000, Average Reward: 12.888, Time Since Last Log: 0:00:11.137483
06-04 04:36:05: Step: 2631840 Env #15: New best return at episode #81 -> 336.0!!
06-04 04:36:15: Progress: 26.4% Step: 2640000, Average Reward: 13.209, Time Since Last Log: 0:00:11.227395
06-04 04:36:26: Progress: 26.5% Step: 2650000, Average Reward: 13.387, Time Since Last Log: 0:00:11.145841
06-04 04:36:37: Progress: 26.6% Step: 2660000, Average Reward: 13.552, Time Since Last Log: 0:00:11.166799
06-04 04:36:48: Progress: 26.7% Step: 2670000, Average Reward: 13.58, Time Since Last Log: 0:00:10.956503
06-04 04:36:59: Progress: 26.8% Step: 2680000, Average Reward: 13.678, Time Since Last Log: 0:00:11.185522
06-04 04:37:10: Progress: 26.9% Step: 2690000, Average Reward: 13.824, Time Since Last Log: 0:00:11.156204
06-04 04:37:21: Progress: 27.0% Step: 2700000, Average Reward: 13.883, Time Since Last Log: 0:00:11.137125
06-04 04:37:32: Progress: 27.1% Step: 2710000, Average Reward: 14.111, Time Since Last Log: 0:00:11.116498
06-04 04:37:44: Progress: 27.2% Step: 2720000, Average Reward: 14.169, Time Since Last Log: 0:00:11.243705
06-04 04:37:55: Progress: 27.3% Step: 2730000, Average Reward: 14.322, Time Since Last Log: 0:00:11.258977
06-04 04:38:06: Progress: 27.4% Step: 2740000, Average Reward: 14.259, Time Since Last Log: 0:00:11.253897
06-04 04:38:18: Progress: 27.5% Step: 2750000, Average Reward: 14.37, Time Since Last Log: 0:00:11.456666
06-04 04:38:29: Progress: 27.6% Step: 2760000, Average Reward: 14.37, Time Since Last Log: 0:00:11.335135
06-04 04:38:33: Step: 2763280 Env #10: New best return at episode #65 -> 346.0!!
06-04 04:38:40: Progress: 27.7% Step: 2770000, Average Reward: 14.815, Time Since Last Log: 0:00:11.194716
06-04 04:38:51: Progress: 27.8% Step: 2780000, Average Reward: 14.778, Time Since Last Log: 0:00:11.197460
06-04 04:38:53: Step: 2781200 Env #9: New best return at episode #89 -> 350.0!!
06-04 04:39:03: Progress: 27.9% Step: 2790000, Average Reward: 15.243, Time Since Last Log: 0:00:11.193166
06-04 04:39:14: Progress: 28.0% Step: 2800000, Average Reward: 15.243, Time Since Last Log: 0:00:11.049024
06-04 04:39:25: Progress: 28.1% Step: 2810000, Average Reward: 15.444, Time Since Last Log: 0:00:11.061100
06-04 04:39:36: Progress: 28.2% Step: 2820000, Average Reward: 15.444, Time Since Last Log: 0:00:11.203738
06-04 04:39:47: Progress: 28.3% Step: 2830000, Average Reward: 15.537, Time Since Last Log: 0:00:11.358914
06-04 04:39:58: Progress: 28.4% Step: 2840000, Average Reward: 15.912, Time Since Last Log: 0:00:11.149925
06-04 04:40:10: Progress: 28.5% Step: 2850000, Average Reward: 15.912, Time Since Last Log: 0:00:11.334123
06-04 04:40:21: Progress: 28.6% Step: 2860000, Average Reward: 16.061, Time Since Last Log: 0:00:11.312061
06-04 04:40:32: Progress: 28.7% Step: 2870000, Average Reward: 16.215, Time Since Last Log: 0:00:11.124083
06-04 04:40:44: Progress: 28.8% Step: 2880000, Average Reward: 16.215, Time Since Last Log: 0:00:11.382055
06-04 04:40:55: Progress: 28.9% Step: 2890000, Average Reward: 16.378, Time Since Last Log: 0:00:11.102899
06-04 04:41:06: Progress: 29.0% Step: 2900000, Average Reward: 16.378, Time Since Last Log: 0:00:11.275633
06-04 04:41:17: Progress: 29.1% Step: 2910000, Average Reward: 16.468, Time Since Last Log: 0:00:11.302080
06-04 04:41:28: Progress: 29.2% Step: 2920000, Average Reward: 16.526, Time Since Last Log: 0:00:11.195328
06-04 04:41:40: Progress: 29.3% Step: 2930000, Average Reward: 16.764, Time Since Last Log: 0:00:11.069760
06-04 04:41:51: Progress: 29.4% Step: 2940000, Average Reward: 17.057, Time Since Last Log: 0:00:11.010923
06-04 04:42:02: Progress: 29.5% Step: 2950000, Average Reward: 17.057, Time Since Last Log: 0:00:11.271398
06-04 04:42:13: Progress: 29.6% Step: 2960000, Average Reward: 16.987, Time Since Last Log: 0:00:11.085629
06-04 04:42:24: Progress: 29.7% Step: 2970000, Average Reward: 17.042, Time Since Last Log: 0:00:11.203511
06-04 04:42:35: Progress: 29.8% Step: 2980000, Average Reward: 17.175, Time Since Last Log: 0:00:11.137464
06-04 04:42:46: Progress: 29.9% Step: 2990000, Average Reward: 17.175, Time Since Last Log: 0:00:11.211694
06-04 04:42:58: Progress: 30.0% Step: 3000000, Average Reward: 17.272, Time Since Last Log: 0:00:11.120679
06-04 04:43:46: Test Results over 10 episodes: 
Average Reward: 146.100 
Max Reward: 246.0 
Min Reward: 71.0 
Standard Deviation: 57.165
06-04 04:43:59: Progress: 30.1% Step: 3010000, Average Reward: 17.588, Time Since Last Log: 0:01:01.657373
06-04 04:44:10: Progress: 30.2% Step: 3020000, Average Reward: 17.748, Time Since Last Log: 0:00:11.226264
06-04 04:44:22: Progress: 30.3% Step: 3030000, Average Reward: 17.785, Time Since Last Log: 0:00:11.199669
06-04 04:44:33: Progress: 30.4% Step: 3040000, Average Reward: 17.934, Time Since Last Log: 0:00:11.427957
06-04 04:44:44: Progress: 30.5% Step: 3050000, Average Reward: 18.218, Time Since Last Log: 0:00:11.308604
06-04 04:44:56: Progress: 30.6% Step: 3060000, Average Reward: 18.384, Time Since Last Log: 0:00:11.308227
06-04 04:45:07: Progress: 30.7% Step: 3070000, Average Reward: 18.522, Time Since Last Log: 0:00:11.127865
06-04 04:45:18: Progress: 30.8% Step: 3080000, Average Reward: 18.522, Time Since Last Log: 0:00:11.057187
06-04 04:45:29: Progress: 30.9% Step: 3090000, Average Reward: 18.522, Time Since Last Log: 0:00:11.327747
06-04 04:45:40: Progress: 31.0% Step: 3100000, Average Reward: 18.654, Time Since Last Log: 0:00:11.183125
06-04 04:45:52: Progress: 31.1% Step: 3110000, Average Reward: 19.109, Time Since Last Log: 0:00:11.318773
06-04 04:46:03: Progress: 31.2% Step: 3120000, Average Reward: 19.258, Time Since Last Log: 0:00:11.210025
06-04 04:46:14: Progress: 31.3% Step: 3130000, Average Reward: 19.326, Time Since Last Log: 0:00:11.183545
06-04 04:46:25: Progress: 31.4% Step: 3140000, Average Reward: 19.427, Time Since Last Log: 0:00:11.217081
06-04 04:46:32: Step: 3146240 Env #4: New best return at episode #80 -> 353.0!!
06-04 04:46:36: Progress: 31.5% Step: 3150000, Average Reward: 19.648, Time Since Last Log: 0:00:11.057678
06-04 04:46:48: Progress: 31.6% Step: 3160000, Average Reward: 19.789, Time Since Last Log: 0:00:11.250795
06-04 04:46:59: Progress: 31.7% Step: 3170000, Average Reward: 19.789, Time Since Last Log: 0:00:11.196054
06-04 04:47:10: Progress: 31.8% Step: 3180000, Average Reward: 19.9, Time Since Last Log: 0:00:11.441940
06-04 04:47:21: Progress: 31.9% Step: 3190000, Average Reward: 19.9, Time Since Last Log: 0:00:11.105153
06-04 04:47:33: Progress: 32.0% Step: 3200000, Average Reward: 20.064, Time Since Last Log: 0:00:11.453075
06-04 04:47:44: Progress: 32.1% Step: 3210000, Average Reward: 20.064, Time Since Last Log: 0:00:11.131012
06-04 04:47:55: Progress: 32.2% Step: 3220000, Average Reward: 20.064, Time Since Last Log: 0:00:11.175780
06-04 04:48:06: Progress: 32.3% Step: 3230000, Average Reward: 20.154, Time Since Last Log: 0:00:11.189231
06-04 04:48:18: Progress: 32.4% Step: 3240000, Average Reward: 20.456, Time Since Last Log: 0:00:11.322578
06-04 04:48:29: Progress: 32.5% Step: 3250000, Average Reward: 20.656, Time Since Last Log: 0:00:11.349416
06-04 04:48:40: Progress: 32.6% Step: 3260000, Average Reward: 21.024, Time Since Last Log: 0:00:11.375384
06-04 04:48:52: Progress: 32.7% Step: 3270000, Average Reward: 21.024, Time Since Last Log: 0:00:11.311351
06-04 04:49:03: Progress: 32.8% Step: 3280000, Average Reward: 21.024, Time Since Last Log: 0:00:11.137745
06-04 04:49:14: Progress: 32.9% Step: 3290000, Average Reward: 21.121, Time Since Last Log: 0:00:11.264554
06-04 04:49:25: Progress: 33.0% Step: 3300000, Average Reward: 21.368, Time Since Last Log: 0:00:11.033778
06-04 04:49:36: Progress: 33.1% Step: 3310000, Average Reward: 21.574, Time Since Last Log: 0:00:11.173988
06-04 04:49:48: Progress: 33.2% Step: 3320000, Average Reward: 21.594, Time Since Last Log: 0:00:11.232256
06-04 04:49:59: Progress: 33.3% Step: 3330000, Average Reward: 21.655, Time Since Last Log: 0:00:11.376822
06-04 04:50:10: Progress: 33.4% Step: 3340000, Average Reward: 21.655, Time Since Last Log: 0:00:11.314115
06-04 04:50:21: Progress: 33.5% Step: 3350000, Average Reward: 21.794, Time Since Last Log: 0:00:11.208453
06-04 04:50:33: Progress: 33.6% Step: 3360000, Average Reward: 22.286, Time Since Last Log: 0:00:11.228024
06-04 04:50:44: Progress: 33.7% Step: 3370000, Average Reward: 22.286, Time Since Last Log: 0:00:11.080387
06-04 04:50:55: Progress: 33.8% Step: 3380000, Average Reward: 22.408, Time Since Last Log: 0:00:11.193530
06-04 04:51:06: Progress: 33.9% Step: 3390000, Average Reward: 22.681, Time Since Last Log: 0:00:11.224716
06-04 04:51:17: Progress: 34.0% Step: 3400000, Average Reward: 22.681, Time Since Last Log: 0:00:11.121905
06-04 04:51:29: Progress: 34.1% Step: 3410000, Average Reward: 22.716, Time Since Last Log: 0:00:11.234965
06-04 04:51:40: Progress: 34.2% Step: 3420000, Average Reward: 23.074, Time Since Last Log: 0:00:11.448194
06-04 04:51:51: Progress: 34.3% Step: 3430000, Average Reward: 23.285, Time Since Last Log: 0:00:11.292341
06-04 04:52:03: Progress: 34.4% Step: 3440000, Average Reward: 23.313, Time Since Last Log: 0:00:11.365624
06-04 04:52:14: Progress: 34.5% Step: 3450000, Average Reward: 23.313, Time Since Last Log: 0:00:11.317828
06-04 04:52:25: Progress: 34.6% Step: 3460000, Average Reward: 23.653, Time Since Last Log: 0:00:11.315604
06-04 04:52:37: Progress: 34.7% Step: 3470000, Average Reward: 23.688, Time Since Last Log: 0:00:11.308895
06-04 04:52:41: Step: 3474000 Env #8: New best return at episode #98 -> 375.0!!
06-04 04:52:48: Progress: 34.8% Step: 3480000, Average Reward: 23.922, Time Since Last Log: 0:00:11.077863
06-04 04:52:59: Progress: 34.9% Step: 3490000, Average Reward: 24.198, Time Since Last Log: 0:00:11.275296
06-04 04:53:10: Progress: 35.0% Step: 3500000, Average Reward: 24.405, Time Since Last Log: 0:00:11.285282
06-04 04:53:22: Progress: 35.1% Step: 3510000, Average Reward: 24.467, Time Since Last Log: 0:00:11.535637
06-04 04:53:33: Progress: 35.2% Step: 3520000, Average Reward: 24.861, Time Since Last Log: 0:00:11.264972
06-04 04:53:44: Progress: 35.3% Step: 3530000, Average Reward: 25.102, Time Since Last Log: 0:00:11.179527
06-04 04:53:56: Progress: 35.4% Step: 3540000, Average Reward: 25.39, Time Since Last Log: 0:00:11.391741
06-04 04:54:07: Progress: 35.5% Step: 3550000, Average Reward: 25.596, Time Since Last Log: 0:00:11.290094
06-04 04:54:18: Progress: 35.6% Step: 3560000, Average Reward: 25.596, Time Since Last Log: 0:00:11.414309
06-04 04:54:29: Progress: 35.7% Step: 3570000, Average Reward: 25.698, Time Since Last Log: 0:00:11.083386
06-04 04:54:38: Step: 3578080 Env #2: New best return at episode #102 -> 401.0!!
06-04 04:54:41: Progress: 35.8% Step: 3580000, Average Reward: 25.793, Time Since Last Log: 0:00:11.317229
06-04 04:54:52: Progress: 35.9% Step: 3590000, Average Reward: 25.89, Time Since Last Log: 0:00:11.531446
06-04 04:55:03: Progress: 36.0% Step: 3600000, Average Reward: 26.093, Time Since Last Log: 0:00:11.109157
06-04 04:55:14: Progress: 36.1% Step: 3610000, Average Reward: 26.093, Time Since Last Log: 0:00:11.058453
06-04 04:55:25: Progress: 36.2% Step: 3620000, Average Reward: 26.368, Time Since Last Log: 0:00:10.990482
06-04 04:55:37: Progress: 36.3% Step: 3630000, Average Reward: 26.611, Time Since Last Log: 0:00:11.252509
06-04 04:55:48: Progress: 36.4% Step: 3640000, Average Reward: 26.852, Time Since Last Log: 0:00:11.095883
06-04 04:55:59: Progress: 36.5% Step: 3650000, Average Reward: 27.069, Time Since Last Log: 0:00:11.203217
06-04 04:56:10: Progress: 36.6% Step: 3660000, Average Reward: 27.281, Time Since Last Log: 0:00:11.260368
06-04 04:56:21: Progress: 36.7% Step: 3670000, Average Reward: 27.481, Time Since Last Log: 0:00:11.261629
06-04 04:56:33: Progress: 36.8% Step: 3680000, Average Reward: 27.52, Time Since Last Log: 0:00:11.380545
06-04 04:56:44: Progress: 36.9% Step: 3690000, Average Reward: 27.52, Time Since Last Log: 0:00:11.181891
06-04 04:56:55: Progress: 37.0% Step: 3700000, Average Reward: 27.787, Time Since Last Log: 0:00:11.315888
06-04 04:57:06: Progress: 37.1% Step: 3710000, Average Reward: 28.114, Time Since Last Log: 0:00:11.145758
06-04 04:57:18: Progress: 37.2% Step: 3720000, Average Reward: 28.498, Time Since Last Log: 0:00:11.033077
06-04 04:57:29: Progress: 37.3% Step: 3730000, Average Reward: 28.818, Time Since Last Log: 0:00:11.152305
06-04 04:57:40: Progress: 37.4% Step: 3740000, Average Reward: 29.023, Time Since Last Log: 0:00:11.321233
06-04 04:57:51: Progress: 37.5% Step: 3750000, Average Reward: 29.281, Time Since Last Log: 0:00:11.120860
06-04 04:58:03: Progress: 37.6% Step: 3760000, Average Reward: 29.511, Time Since Last Log: 0:00:11.466882
06-04 04:58:14: Progress: 37.7% Step: 3770000, Average Reward: 29.511, Time Since Last Log: 0:00:11.223871
06-04 04:58:25: Progress: 37.8% Step: 3780000, Average Reward: 29.618, Time Since Last Log: 0:00:11.364606
06-04 04:58:36: Progress: 37.9% Step: 3790000, Average Reward: 29.618, Time Since Last Log: 0:00:11.068772
06-04 04:58:48: Progress: 38.0% Step: 3800000, Average Reward: 29.674, Time Since Last Log: 0:00:11.289562
06-04 04:58:59: Progress: 38.1% Step: 3810000, Average Reward: 29.764, Time Since Last Log: 0:00:11.105546
06-04 04:59:10: Progress: 38.2% Step: 3820000, Average Reward: 29.988, Time Since Last Log: 0:00:11.160536
06-04 04:59:21: Progress: 38.3% Step: 3830000, Average Reward: 30.219, Time Since Last Log: 0:00:11.160636
06-04 04:59:32: Progress: 38.4% Step: 3840000, Average Reward: 30.361, Time Since Last Log: 0:00:11.142929
06-04 04:59:43: Progress: 38.5% Step: 3850000, Average Reward: 30.361, Time Since Last Log: 0:00:11.339696
06-04 04:59:55: Progress: 38.6% Step: 3860000, Average Reward: 30.546, Time Since Last Log: 0:00:11.104130
06-04 05:00:06: Progress: 38.7% Step: 3870000, Average Reward: 30.994, Time Since Last Log: 0:00:11.318522
06-04 05:00:17: Progress: 38.8% Step: 3880000, Average Reward: 31.151, Time Since Last Log: 0:00:11.130318
06-04 05:00:28: Progress: 38.9% Step: 3890000, Average Reward: 31.151, Time Since Last Log: 0:00:11.074852
06-04 05:00:39: Progress: 39.0% Step: 3900000, Average Reward: 31.353, Time Since Last Log: 0:00:11.286018
06-04 05:00:51: Progress: 39.1% Step: 3910000, Average Reward: 31.353, Time Since Last Log: 0:00:11.166597
06-04 05:01:02: Progress: 39.2% Step: 3920000, Average Reward: 31.449, Time Since Last Log: 0:00:11.196259
06-04 05:01:13: Progress: 39.3% Step: 3930000, Average Reward: 31.449, Time Since Last Log: 0:00:11.096458
06-04 05:01:24: Progress: 39.4% Step: 3940000, Average Reward: 31.639, Time Since Last Log: 0:00:11.145553
06-04 05:01:35: Progress: 39.5% Step: 3950000, Average Reward: 31.639, Time Since Last Log: 0:00:11.320362
06-04 05:01:47: Progress: 39.6% Step: 3960000, Average Reward: 31.639, Time Since Last Log: 0:00:11.277136
06-04 05:01:58: Progress: 39.7% Step: 3970000, Average Reward: 31.841, Time Since Last Log: 0:00:11.294725
06-04 05:02:04: Step: 3975680 Env #5: New best return at episode #94 -> 428.0!!
06-04 05:02:09: Progress: 39.8% Step: 3980000, Average Reward: 32.425, Time Since Last Log: 0:00:11.285101
06-04 05:02:20: Progress: 39.9% Step: 3990000, Average Reward: 32.513, Time Since Last Log: 0:00:11.070000
06-04 05:02:31: Progress: 40.0% Step: 4000000, Average Reward: 32.681, Time Since Last Log: 0:00:11.209806
06-04 05:03:43: Test Results over 10 episodes: 
Average Reward: 361.800 
Max Reward: 434.0 
Min Reward: 299.0 
Standard Deviation: 38.183
06-04 05:04:06: Progress: 40.1% Step: 4010000, Average Reward: 32.929, Time Since Last Log: 0:01:34.759997
06-04 05:04:18: Progress: 40.2% Step: 4020000, Average Reward: 33.024, Time Since Last Log: 0:00:11.574188
06-04 05:04:29: Progress: 40.3% Step: 4030000, Average Reward: 33.024, Time Since Last Log: 0:00:11.455555
06-04 05:04:41: Progress: 40.4% Step: 4040000, Average Reward: 33.024, Time Since Last Log: 0:00:11.354561
06-04 05:04:52: Progress: 40.5% Step: 4050000, Average Reward: 33.024, Time Since Last Log: 0:00:11.409193
06-04 05:05:03: Progress: 40.6% Step: 4060000, Average Reward: 33.623, Time Since Last Log: 0:00:11.413175
06-04 05:05:15: Progress: 40.7% Step: 4070000, Average Reward: 34.067, Time Since Last Log: 0:00:11.399051
06-04 05:05:26: Progress: 40.8% Step: 4080000, Average Reward: 34.067, Time Since Last Log: 0:00:11.543111
06-04 05:05:37: Progress: 40.9% Step: 4090000, Average Reward: 34.36, Time Since Last Log: 0:00:11.110912
06-04 05:05:49: Progress: 41.0% Step: 4100000, Average Reward: 35.07, Time Since Last Log: 0:00:11.335599
06-04 05:06:00: Progress: 41.1% Step: 4110000, Average Reward: 35.171, Time Since Last Log: 0:00:11.198072
06-04 05:06:11: Progress: 41.2% Step: 4120000, Average Reward: 35.279, Time Since Last Log: 0:00:11.153181
06-04 05:06:22: Progress: 41.3% Step: 4130000, Average Reward: 35.537, Time Since Last Log: 0:00:11.299106
06-04 05:06:33: Progress: 41.4% Step: 4140000, Average Reward: 35.648, Time Since Last Log: 0:00:11.087308
06-04 05:06:45: Progress: 41.5% Step: 4150000, Average Reward: 36.0, Time Since Last Log: 0:00:11.095279
06-04 05:06:56: Progress: 41.6% Step: 4160000, Average Reward: 36.0, Time Since Last Log: 0:00:11.061417
06-04 05:07:07: Progress: 41.7% Step: 4170000, Average Reward: 36.32, Time Since Last Log: 0:00:11.285033
06-04 05:07:18: Progress: 41.8% Step: 4180000, Average Reward: 36.32, Time Since Last Log: 0:00:11.089339
06-04 05:07:29: Progress: 41.9% Step: 4190000, Average Reward: 36.494, Time Since Last Log: 0:00:11.028561
06-04 05:07:40: Progress: 42.0% Step: 4200000, Average Reward: 36.494, Time Since Last Log: 0:00:11.226170
06-04 05:07:51: Progress: 42.1% Step: 4210000, Average Reward: 36.494, Time Since Last Log: 0:00:11.092101
06-04 05:08:03: Progress: 42.2% Step: 4220000, Average Reward: 36.735, Time Since Last Log: 0:00:11.198218
06-04 05:08:14: Progress: 42.3% Step: 4230000, Average Reward: 37.16, Time Since Last Log: 0:00:11.186657
06-04 05:08:25: Progress: 42.4% Step: 4240000, Average Reward: 37.16, Time Since Last Log: 0:00:11.118321
06-04 05:08:36: Progress: 42.5% Step: 4250000, Average Reward: 37.16, Time Since Last Log: 0:00:11.260624
06-04 05:08:48: Progress: 42.6% Step: 4260000, Average Reward: 37.464, Time Since Last Log: 0:00:11.466417
06-04 05:08:59: Progress: 42.7% Step: 4270000, Average Reward: 37.464, Time Since Last Log: 0:00:11.279415
06-04 05:09:10: Progress: 42.8% Step: 4280000, Average Reward: 37.464, Time Since Last Log: 0:00:10.926279
06-04 05:09:21: Progress: 42.9% Step: 4290000, Average Reward: 37.727, Time Since Last Log: 0:00:11.034072
06-04 05:09:32: Progress: 43.0% Step: 4300000, Average Reward: 38.282, Time Since Last Log: 0:00:11.117149
06-04 05:09:43: Progress: 43.1% Step: 4310000, Average Reward: 38.282, Time Since Last Log: 0:00:11.280386
06-04 05:09:54: Progress: 43.2% Step: 4320000, Average Reward: 38.582, Time Since Last Log: 0:00:11.030914
06-04 05:10:06: Progress: 43.3% Step: 4330000, Average Reward: 38.784, Time Since Last Log: 0:00:11.398299
06-04 05:10:17: Progress: 43.4% Step: 4340000, Average Reward: 39.182, Time Since Last Log: 0:00:11.310631
06-04 05:10:28: Progress: 43.5% Step: 4350000, Average Reward: 39.402, Time Since Last Log: 0:00:11.081744
06-04 05:10:39: Progress: 43.6% Step: 4360000, Average Reward: 39.664, Time Since Last Log: 0:00:11.188854
06-04 05:10:50: Progress: 43.7% Step: 4370000, Average Reward: 40.025, Time Since Last Log: 0:00:11.224367
06-04 05:11:02: Progress: 43.8% Step: 4380000, Average Reward: 40.025, Time Since Last Log: 0:00:11.252098
06-04 05:11:13: Progress: 43.9% Step: 4390000, Average Reward: 40.025, Time Since Last Log: 0:00:11.035223
06-04 05:11:24: Progress: 44.0% Step: 4400000, Average Reward: 40.025, Time Since Last Log: 0:00:11.181103
06-04 05:11:35: Progress: 44.1% Step: 4410000, Average Reward: 40.025, Time Since Last Log: 0:00:11.319721
06-04 05:11:47: Progress: 44.2% Step: 4420000, Average Reward: 40.129, Time Since Last Log: 0:00:11.409062
06-04 05:11:58: Progress: 44.3% Step: 4430000, Average Reward: 40.183, Time Since Last Log: 0:00:11.386505
06-04 05:12:09: Progress: 44.4% Step: 4440000, Average Reward: 40.488, Time Since Last Log: 0:00:11.172090
06-04 05:12:20: Progress: 44.5% Step: 4450000, Average Reward: 40.488, Time Since Last Log: 0:00:11.038904
06-04 05:12:31: Progress: 44.6% Step: 4460000, Average Reward: 40.585, Time Since Last Log: 0:00:11.211578
06-04 05:12:43: Progress: 44.7% Step: 4470000, Average Reward: 41.078, Time Since Last Log: 0:00:11.245479
06-04 05:12:54: Progress: 44.8% Step: 4480000, Average Reward: 41.209, Time Since Last Log: 0:00:11.226506
06-04 05:13:05: Progress: 44.9% Step: 4490000, Average Reward: 41.316, Time Since Last Log: 0:00:10.926493
06-04 05:13:16: Progress: 45.0% Step: 4500000, Average Reward: 41.518, Time Since Last Log: 0:00:11.049738
06-04 05:13:27: Progress: 45.1% Step: 4510000, Average Reward: 41.518, Time Since Last Log: 0:00:11.123120
06-04 05:13:38: Progress: 45.2% Step: 4520000, Average Reward: 41.569, Time Since Last Log: 0:00:11.416404
06-04 05:13:49: Progress: 45.3% Step: 4530000, Average Reward: 42.084, Time Since Last Log: 0:00:10.991015
06-04 05:14:01: Progress: 45.4% Step: 4540000, Average Reward: 42.084, Time Since Last Log: 0:00:11.155126
06-04 05:14:12: Progress: 45.5% Step: 4550000, Average Reward: 42.344, Time Since Last Log: 0:00:11.185684
06-04 05:14:23: Progress: 45.6% Step: 4560000, Average Reward: 42.623, Time Since Last Log: 0:00:11.274679
06-04 05:14:34: Progress: 45.7% Step: 4570000, Average Reward: 42.623, Time Since Last Log: 0:00:11.125577
06-04 05:14:45: Progress: 45.8% Step: 4580000, Average Reward: 42.623, Time Since Last Log: 0:00:11.260799
06-04 05:14:57: Progress: 45.9% Step: 4590000, Average Reward: 42.722, Time Since Last Log: 0:00:11.072814
06-04 05:15:07: Progress: 46.0% Step: 4600000, Average Reward: 42.722, Time Since Last Log: 0:00:10.874960
06-04 05:15:19: Progress: 46.1% Step: 4610000, Average Reward: 43.162, Time Since Last Log: 0:00:11.213452
06-04 05:15:30: Progress: 46.2% Step: 4620000, Average Reward: 43.372, Time Since Last Log: 0:00:11.075006
06-04 05:15:41: Progress: 46.3% Step: 4630000, Average Reward: 43.372, Time Since Last Log: 0:00:10.944974
06-04 05:15:52: Progress: 46.4% Step: 4640000, Average Reward: 43.579, Time Since Last Log: 0:00:11.114471
06-04 05:16:03: Progress: 46.5% Step: 4650000, Average Reward: 43.579, Time Since Last Log: 0:00:11.156162
06-04 05:16:14: Progress: 46.6% Step: 4660000, Average Reward: 43.579, Time Since Last Log: 0:00:11.094562
06-04 05:16:25: Progress: 46.7% Step: 4670000, Average Reward: 43.758, Time Since Last Log: 0:00:11.319498
06-04 05:16:36: Progress: 46.8% Step: 4680000, Average Reward: 43.986, Time Since Last Log: 0:00:11.054342
06-04 05:16:47: Progress: 46.9% Step: 4690000, Average Reward: 43.986, Time Since Last Log: 0:00:10.982542
06-04 05:16:58: Progress: 47.0% Step: 4700000, Average Reward: 43.986, Time Since Last Log: 0:00:10.982458
06-04 05:17:10: Progress: 47.1% Step: 4710000, Average Reward: 43.986, Time Since Last Log: 0:00:11.160594
06-04 05:17:21: Progress: 47.2% Step: 4720000, Average Reward: 44.308, Time Since Last Log: 0:00:11.276360
06-04 05:17:32: Progress: 47.3% Step: 4730000, Average Reward: 44.36, Time Since Last Log: 0:00:11.217516
06-04 05:17:43: Progress: 47.4% Step: 4740000, Average Reward: 44.709, Time Since Last Log: 0:00:11.161335
06-04 05:17:54: Progress: 47.5% Step: 4750000, Average Reward: 44.853, Time Since Last Log: 0:00:11.133660
06-04 05:18:06: Progress: 47.6% Step: 4760000, Average Reward: 44.853, Time Since Last Log: 0:00:11.246168
06-04 05:18:17: Progress: 47.7% Step: 4770000, Average Reward: 45.227, Time Since Last Log: 0:00:11.151199
06-04 05:18:24: Step: 4776240 Env #8: New best return at episode #109 -> 430.0!!
06-04 05:18:28: Progress: 47.8% Step: 4780000, Average Reward: 45.372, Time Since Last Log: 0:00:11.239830
06-04 05:18:39: Progress: 47.9% Step: 4790000, Average Reward: 45.372, Time Since Last Log: 0:00:11.365478
06-04 05:18:51: Progress: 48.0% Step: 4800000, Average Reward: 45.482, Time Since Last Log: 0:00:11.223016
06-04 05:19:02: Progress: 48.1% Step: 4810000, Average Reward: 45.482, Time Since Last Log: 0:00:11.159778
06-04 05:19:13: Progress: 48.2% Step: 4820000, Average Reward: 45.696, Time Since Last Log: 0:00:11.022016
06-04 05:19:24: Progress: 48.3% Step: 4830000, Average Reward: 45.696, Time Since Last Log: 0:00:11.000661
06-04 05:19:35: Progress: 48.4% Step: 4840000, Average Reward: 45.696, Time Since Last Log: 0:00:11.135520
06-04 05:19:46: Progress: 48.5% Step: 4850000, Average Reward: 45.762, Time Since Last Log: 0:00:11.028050
06-04 05:19:57: Progress: 48.6% Step: 4860000, Average Reward: 45.963, Time Since Last Log: 0:00:11.066350
06-04 05:20:08: Progress: 48.7% Step: 4870000, Average Reward: 46.266, Time Since Last Log: 0:00:11.213349
06-04 05:20:19: Progress: 48.8% Step: 4880000, Average Reward: 46.639, Time Since Last Log: 0:00:11.037583
06-04 05:20:31: Progress: 48.9% Step: 4890000, Average Reward: 46.97, Time Since Last Log: 0:00:11.389943
06-04 05:20:42: Progress: 49.0% Step: 4900000, Average Reward: 47.189, Time Since Last Log: 0:00:11.211813
06-04 05:20:53: Progress: 49.1% Step: 4910000, Average Reward: 47.189, Time Since Last Log: 0:00:11.108993
06-04 05:21:04: Progress: 49.2% Step: 4920000, Average Reward: 47.373, Time Since Last Log: 0:00:11.132684
06-04 05:21:15: Progress: 49.3% Step: 4930000, Average Reward: 47.454, Time Since Last Log: 0:00:10.896249
06-04 05:21:26: Progress: 49.4% Step: 4940000, Average Reward: 47.628, Time Since Last Log: 0:00:10.844801
06-04 05:21:37: Progress: 49.5% Step: 4950000, Average Reward: 47.888, Time Since Last Log: 0:00:11.120368
06-04 05:21:48: Progress: 49.6% Step: 4960000, Average Reward: 47.956, Time Since Last Log: 0:00:11.114532
06-04 05:21:59: Progress: 49.7% Step: 4970000, Average Reward: 47.956, Time Since Last Log: 0:00:11.173391
06-04 05:22:11: Progress: 49.8% Step: 4980000, Average Reward: 48.215, Time Since Last Log: 0:00:11.323236
06-04 05:22:22: Progress: 49.9% Step: 4990000, Average Reward: 48.215, Time Since Last Log: 0:00:11.343551
06-04 05:22:33: Progress: 50.0% Step: 5000000, Average Reward: 48.395, Time Since Last Log: 0:00:11.139041
06-04 05:23:47: Test Results over 10 episodes: 
Average Reward: 342.000 
Max Reward: 417.0 
Min Reward: 122.0 
Standard Deviation: 86.237
06-04 05:24:04: Progress: 50.1% Step: 5010000, Average Reward: 48.395, Time Since Last Log: 0:01:30.705614
06-04 05:24:15: Progress: 50.2% Step: 5020000, Average Reward: 48.857, Time Since Last Log: 0:00:11.447782
06-04 05:24:27: Progress: 50.3% Step: 5030000, Average Reward: 48.932, Time Since Last Log: 0:00:11.405444
06-04 05:24:38: Progress: 50.4% Step: 5040000, Average Reward: 49.236, Time Since Last Log: 0:00:11.522407
06-04 05:24:49: Progress: 50.5% Step: 5050000, Average Reward: 49.472, Time Since Last Log: 0:00:11.333045
06-04 05:25:01: Progress: 50.6% Step: 5060000, Average Reward: 49.608, Time Since Last Log: 0:00:11.414716
06-04 05:25:12: Progress: 50.7% Step: 5070000, Average Reward: 49.831, Time Since Last Log: 0:00:11.443410
06-04 05:25:24: Progress: 50.8% Step: 5080000, Average Reward: 49.831, Time Since Last Log: 0:00:11.606818
06-04 05:25:35: Progress: 50.9% Step: 5090000, Average Reward: 49.831, Time Since Last Log: 0:00:11.095126
06-04 05:25:46: Progress: 51.0% Step: 5100000, Average Reward: 49.831, Time Since Last Log: 0:00:11.111112
06-04 05:25:47: Step: 5101280 Env #6: New best return at episode #98 -> 471.0!!
06-04 05:25:57: Progress: 51.1% Step: 5110000, Average Reward: 50.126, Time Since Last Log: 0:00:11.070921
06-04 05:26:08: Progress: 51.2% Step: 5120000, Average Reward: 50.344, Time Since Last Log: 0:00:11.176995
06-04 05:26:20: Progress: 51.3% Step: 5130000, Average Reward: 50.344, Time Since Last Log: 0:00:11.225909
06-04 05:26:31: Progress: 51.4% Step: 5140000, Average Reward: 50.421, Time Since Last Log: 0:00:11.194153
06-04 05:26:42: Progress: 51.5% Step: 5150000, Average Reward: 50.536, Time Since Last Log: 0:00:11.173970
06-04 05:26:53: Progress: 51.6% Step: 5160000, Average Reward: 50.718, Time Since Last Log: 0:00:10.938344
06-04 05:27:04: Progress: 51.7% Step: 5170000, Average Reward: 50.718, Time Since Last Log: 0:00:11.322039
06-04 05:27:15: Progress: 51.8% Step: 5180000, Average Reward: 50.718, Time Since Last Log: 0:00:11.014413
06-04 05:27:26: Progress: 51.9% Step: 5190000, Average Reward: 50.955, Time Since Last Log: 0:00:11.025646
06-04 05:27:37: Progress: 52.0% Step: 5200000, Average Reward: 51.395, Time Since Last Log: 0:00:11.089394
06-04 05:27:48: Progress: 52.1% Step: 5210000, Average Reward: 51.562, Time Since Last Log: 0:00:10.964152
06-04 05:27:59: Progress: 52.2% Step: 5220000, Average Reward: 51.562, Time Since Last Log: 0:00:11.043695
06-04 05:28:11: Progress: 52.3% Step: 5230000, Average Reward: 51.813, Time Since Last Log: 0:00:11.217892
06-04 05:28:22: Progress: 52.4% Step: 5240000, Average Reward: 52.295, Time Since Last Log: 0:00:11.232590
06-04 05:28:33: Progress: 52.5% Step: 5250000, Average Reward: 52.295, Time Since Last Log: 0:00:11.194578
06-04 05:28:44: Progress: 52.6% Step: 5260000, Average Reward: 52.642, Time Since Last Log: 0:00:11.386572
06-04 05:28:55: Progress: 52.7% Step: 5270000, Average Reward: 52.869, Time Since Last Log: 0:00:11.082282
06-04 05:29:07: Progress: 52.8% Step: 5280000, Average Reward: 52.869, Time Since Last Log: 0:00:11.121627
06-04 05:29:18: Progress: 52.9% Step: 5290000, Average Reward: 52.869, Time Since Last Log: 0:00:11.143219
06-04 05:29:29: Progress: 53.0% Step: 5300000, Average Reward: 52.869, Time Since Last Log: 0:00:11.071224
06-04 05:29:40: Progress: 53.1% Step: 5310000, Average Reward: 52.869, Time Since Last Log: 0:00:11.147713
06-04 05:29:51: Progress: 53.2% Step: 5320000, Average Reward: 53.094, Time Since Last Log: 0:00:11.112005
06-04 05:30:02: Progress: 53.3% Step: 5330000, Average Reward: 53.094, Time Since Last Log: 0:00:11.293728
06-04 05:30:13: Progress: 53.4% Step: 5340000, Average Reward: 53.191, Time Since Last Log: 0:00:11.024837
06-04 05:30:25: Progress: 53.5% Step: 5350000, Average Reward: 53.191, Time Since Last Log: 0:00:11.216078
06-04 05:30:36: Progress: 53.6% Step: 5360000, Average Reward: 53.191, Time Since Last Log: 0:00:11.045772
06-04 05:30:47: Progress: 53.7% Step: 5370000, Average Reward: 53.291, Time Since Last Log: 0:00:11.050010
06-04 05:30:58: Progress: 53.8% Step: 5380000, Average Reward: 53.291, Time Since Last Log: 0:00:10.936232
06-04 05:31:09: Progress: 53.9% Step: 5390000, Average Reward: 53.291, Time Since Last Log: 0:00:10.979409
06-04 05:31:20: Progress: 54.0% Step: 5400000, Average Reward: 53.394, Time Since Last Log: 0:00:11.002495
06-04 05:31:31: Progress: 54.1% Step: 5410000, Average Reward: 53.394, Time Since Last Log: 0:00:11.132539
06-04 05:31:42: Progress: 54.2% Step: 5420000, Average Reward: 53.606, Time Since Last Log: 0:00:11.116265
06-04 05:31:53: Progress: 54.3% Step: 5430000, Average Reward: 53.689, Time Since Last Log: 0:00:11.104038
06-04 05:32:04: Progress: 54.4% Step: 5440000, Average Reward: 53.689, Time Since Last Log: 0:00:11.196996
06-04 05:32:16: Progress: 54.5% Step: 5450000, Average Reward: 53.689, Time Since Last Log: 0:00:11.394501
06-04 05:32:27: Progress: 54.6% Step: 5460000, Average Reward: 54.048, Time Since Last Log: 0:00:11.109610
06-04 05:32:38: Progress: 54.7% Step: 5470000, Average Reward: 54.048, Time Since Last Log: 0:00:11.110567
06-04 05:32:49: Progress: 54.8% Step: 5480000, Average Reward: 54.048, Time Since Last Log: 0:00:11.164269
06-04 05:33:00: Progress: 54.9% Step: 5490000, Average Reward: 54.048, Time Since Last Log: 0:00:11.151177
06-04 05:33:11: Progress: 55.0% Step: 5500000, Average Reward: 54.048, Time Since Last Log: 0:00:11.060434
06-04 05:33:22: Progress: 55.1% Step: 5510000, Average Reward: 54.389, Time Since Last Log: 0:00:10.977319
06-04 05:33:33: Progress: 55.2% Step: 5520000, Average Reward: 54.48, Time Since Last Log: 0:00:11.194249
06-04 05:33:44: Progress: 55.3% Step: 5530000, Average Reward: 54.48, Time Since Last Log: 0:00:11.087413
06-04 05:33:56: Progress: 55.4% Step: 5540000, Average Reward: 54.654, Time Since Last Log: 0:00:11.322035
06-04 05:34:07: Progress: 55.5% Step: 5550000, Average Reward: 55.216, Time Since Last Log: 0:00:11.144583
06-04 05:34:18: Progress: 55.6% Step: 5560000, Average Reward: 55.426, Time Since Last Log: 0:00:11.144603
06-04 05:34:29: Progress: 55.7% Step: 5570000, Average Reward: 55.593, Time Since Last Log: 0:00:11.080362
06-04 05:34:40: Progress: 55.8% Step: 5580000, Average Reward: 55.675, Time Since Last Log: 0:00:11.212291
06-04 05:34:51: Progress: 55.9% Step: 5590000, Average Reward: 55.675, Time Since Last Log: 0:00:11.095222
06-04 05:35:02: Progress: 56.0% Step: 5600000, Average Reward: 55.675, Time Since Last Log: 0:00:11.092416
06-04 05:35:14: Progress: 56.1% Step: 5610000, Average Reward: 55.883, Time Since Last Log: 0:00:11.119147
06-04 05:35:25: Progress: 56.2% Step: 5620000, Average Reward: 56.129, Time Since Last Log: 0:00:10.921475
06-04 05:35:36: Progress: 56.3% Step: 5630000, Average Reward: 56.129, Time Since Last Log: 0:00:11.267568
06-04 05:35:47: Progress: 56.4% Step: 5640000, Average Reward: 56.129, Time Since Last Log: 0:00:11.279497
06-04 05:35:58: Progress: 56.5% Step: 5650000, Average Reward: 56.375, Time Since Last Log: 0:00:11.258384
06-04 05:36:09: Progress: 56.6% Step: 5660000, Average Reward: 56.499, Time Since Last Log: 0:00:11.108728
06-04 05:36:21: Progress: 56.7% Step: 5670000, Average Reward: 56.752, Time Since Last Log: 0:00:11.165224
06-04 05:36:32: Progress: 56.8% Step: 5680000, Average Reward: 57.027, Time Since Last Log: 0:00:10.978214
06-04 05:36:43: Progress: 56.9% Step: 5690000, Average Reward: 57.027, Time Since Last Log: 0:00:11.027891
06-04 05:36:54: Progress: 57.0% Step: 5700000, Average Reward: 57.113, Time Since Last Log: 0:00:11.171298
06-04 05:37:05: Progress: 57.1% Step: 5710000, Average Reward: 57.113, Time Since Last Log: 0:00:11.112310
06-04 05:37:16: Progress: 57.2% Step: 5720000, Average Reward: 57.113, Time Since Last Log: 0:00:11.142491
06-04 05:37:27: Progress: 57.3% Step: 5730000, Average Reward: 57.113, Time Since Last Log: 0:00:11.226306
06-04 05:37:38: Progress: 57.4% Step: 5740000, Average Reward: 57.314, Time Since Last Log: 0:00:10.973706
06-04 05:37:49: Progress: 57.5% Step: 5750000, Average Reward: 57.314, Time Since Last Log: 0:00:11.195451
06-04 05:38:00: Progress: 57.6% Step: 5760000, Average Reward: 57.314, Time Since Last Log: 0:00:10.992629
06-04 05:38:11: Progress: 57.7% Step: 5770000, Average Reward: 57.314, Time Since Last Log: 0:00:11.095485
06-04 05:38:23: Progress: 57.8% Step: 5780000, Average Reward: 57.432, Time Since Last Log: 0:00:11.132635
06-04 05:38:34: Progress: 57.9% Step: 5790000, Average Reward: 57.432, Time Since Last Log: 0:00:11.118755
06-04 05:38:45: Progress: 58.0% Step: 5800000, Average Reward: 57.745, Time Since Last Log: 0:00:11.130787
06-04 05:38:56: Progress: 58.1% Step: 5810000, Average Reward: 57.745, Time Since Last Log: 0:00:11.009028
06-04 05:39:07: Progress: 58.2% Step: 5820000, Average Reward: 57.745, Time Since Last Log: 0:00:11.271813
06-04 05:39:18: Progress: 58.3% Step: 5830000, Average Reward: 57.981, Time Since Last Log: 0:00:11.074528
06-04 05:39:29: Progress: 58.4% Step: 5840000, Average Reward: 58.07, Time Since Last Log: 0:00:11.176303
06-04 05:39:40: Progress: 58.5% Step: 5850000, Average Reward: 58.07, Time Since Last Log: 0:00:10.976955
06-04 05:39:52: Progress: 58.6% Step: 5860000, Average Reward: 58.23, Time Since Last Log: 0:00:11.157022
06-04 05:40:03: Progress: 58.7% Step: 5870000, Average Reward: 58.467, Time Since Last Log: 0:00:10.985379
06-04 05:40:14: Progress: 58.8% Step: 5880000, Average Reward: 58.73, Time Since Last Log: 0:00:11.069670
06-04 05:40:25: Progress: 58.9% Step: 5890000, Average Reward: 58.928, Time Since Last Log: 0:00:11.150951
06-04 05:40:36: Progress: 59.0% Step: 5900000, Average Reward: 59.014, Time Since Last Log: 0:00:10.979240
06-04 05:40:47: Progress: 59.1% Step: 5910000, Average Reward: 59.273, Time Since Last Log: 0:00:11.462531
06-04 05:40:58: Progress: 59.2% Step: 5920000, Average Reward: 59.561, Time Since Last Log: 0:00:11.184714
06-04 05:41:09: Progress: 59.3% Step: 5930000, Average Reward: 59.561, Time Since Last Log: 0:00:10.995850
06-04 05:41:20: Progress: 59.4% Step: 5940000, Average Reward: 59.649, Time Since Last Log: 0:00:11.019626
06-04 05:41:32: Progress: 59.5% Step: 5950000, Average Reward: 59.888, Time Since Last Log: 0:00:11.203021
06-04 05:41:43: Progress: 59.6% Step: 5960000, Average Reward: 59.888, Time Since Last Log: 0:00:11.165423
06-04 05:41:54: Progress: 59.7% Step: 5970000, Average Reward: 59.976, Time Since Last Log: 0:00:11.091735
06-04 05:42:05: Progress: 59.8% Step: 5980000, Average Reward: 60.389, Time Since Last Log: 0:00:10.981488
06-04 05:42:16: Progress: 59.9% Step: 5990000, Average Reward: 60.389, Time Since Last Log: 0:00:11.321752
06-04 05:42:28: Progress: 60.0% Step: 6000000, Average Reward: 60.389, Time Since Last Log: 0:00:11.348588
06-04 05:44:17: Test Results over 10 episodes: 
Average Reward: 341.800 
Max Reward: 530.0 
Min Reward: 148.0 
Standard Deviation: 115.860
06-04 05:44:31: Progress: 60.1% Step: 6010000, Average Reward: 60.389, Time Since Last Log: 0:02:03.919310
06-04 05:44:43: Progress: 60.2% Step: 6020000, Average Reward: 60.505, Time Since Last Log: 0:00:11.600062
06-04 05:44:55: Progress: 60.3% Step: 6030000, Average Reward: 60.505, Time Since Last Log: 0:00:11.532377
06-04 05:45:06: Progress: 60.4% Step: 6040000, Average Reward: 60.684, Time Since Last Log: 0:00:11.499326
06-04 05:45:17: Progress: 60.5% Step: 6050000, Average Reward: 60.684, Time Since Last Log: 0:00:11.438094
06-04 05:45:29: Progress: 60.6% Step: 6060000, Average Reward: 60.684, Time Since Last Log: 0:00:11.613794
06-04 05:45:41: Progress: 60.7% Step: 6070000, Average Reward: 60.684, Time Since Last Log: 0:00:11.560532
06-04 05:45:52: Progress: 60.8% Step: 6080000, Average Reward: 60.684, Time Since Last Log: 0:00:11.476701
06-04 05:46:03: Progress: 60.9% Step: 6090000, Average Reward: 60.684, Time Since Last Log: 0:00:11.138218
06-04 05:46:14: Progress: 61.0% Step: 6100000, Average Reward: 60.684, Time Since Last Log: 0:00:11.056358
06-04 05:46:25: Progress: 61.1% Step: 6110000, Average Reward: 60.777, Time Since Last Log: 0:00:11.053273
06-04 05:46:36: Progress: 61.2% Step: 6120000, Average Reward: 60.875, Time Since Last Log: 0:00:11.104447
06-04 05:46:48: Progress: 61.3% Step: 6130000, Average Reward: 61.192, Time Since Last Log: 0:00:11.127479
06-04 05:46:59: Progress: 61.4% Step: 6140000, Average Reward: 61.36, Time Since Last Log: 0:00:11.108970
06-04 05:47:11: Progress: 61.5% Step: 6150000, Average Reward: 61.555, Time Since Last Log: 0:00:11.778697
06-04 05:47:23: Progress: 61.6% Step: 6160000, Average Reward: 61.555, Time Since Last Log: 0:00:12.307140
06-04 05:47:35: Progress: 61.7% Step: 6170000, Average Reward: 61.974, Time Since Last Log: 0:00:12.199385
06-04 05:47:47: Progress: 61.8% Step: 6180000, Average Reward: 62.074, Time Since Last Log: 0:00:12.008091
06-04 05:47:59: Progress: 61.9% Step: 6190000, Average Reward: 62.342, Time Since Last Log: 0:00:12.131892
06-04 05:48:12: Progress: 62.0% Step: 6200000, Average Reward: 62.806, Time Since Last Log: 0:00:12.559291
06-04 05:48:24: Progress: 62.1% Step: 6210000, Average Reward: 62.806, Time Since Last Log: 0:00:12.248420
06-04 05:48:36: Progress: 62.2% Step: 6220000, Average Reward: 62.806, Time Since Last Log: 0:00:12.322904
06-04 05:48:48: Progress: 62.3% Step: 6230000, Average Reward: 62.806, Time Since Last Log: 0:00:11.951426
06-04 05:49:00: Progress: 62.4% Step: 6240000, Average Reward: 62.806, Time Since Last Log: 0:00:11.970259
06-04 05:49:12: Progress: 62.5% Step: 6250000, Average Reward: 62.899, Time Since Last Log: 0:00:12.098596
06-04 05:49:24: Progress: 62.6% Step: 6260000, Average Reward: 63.011, Time Since Last Log: 0:00:12.123212
06-04 05:49:36: Progress: 62.7% Step: 6270000, Average Reward: 63.255, Time Since Last Log: 0:00:11.784161
06-04 05:49:48: Progress: 62.8% Step: 6280000, Average Reward: 63.345, Time Since Last Log: 0:00:11.860725
06-04 05:50:00: Progress: 62.9% Step: 6290000, Average Reward: 63.721, Time Since Last Log: 0:00:11.917684
06-04 05:50:12: Progress: 63.0% Step: 6300000, Average Reward: 63.841, Time Since Last Log: 0:00:11.979349
06-04 05:50:24: Progress: 63.1% Step: 6310000, Average Reward: 63.841, Time Since Last Log: 0:00:11.806977
06-04 05:50:36: Progress: 63.2% Step: 6320000, Average Reward: 63.841, Time Since Last Log: 0:00:11.756336
06-04 05:50:47: Progress: 63.3% Step: 6330000, Average Reward: 64.197, Time Since Last Log: 0:00:11.937949
06-04 05:51:00: Progress: 63.4% Step: 6340000, Average Reward: 64.197, Time Since Last Log: 0:00:12.055812
06-04 05:51:11: Progress: 63.5% Step: 6350000, Average Reward: 64.459, Time Since Last Log: 0:00:11.715906
06-04 05:51:23: Progress: 63.6% Step: 6360000, Average Reward: 64.459, Time Since Last Log: 0:00:12.016367
06-04 05:51:35: Progress: 63.7% Step: 6370000, Average Reward: 64.459, Time Since Last Log: 0:00:11.705798
06-04 05:51:47: Progress: 63.8% Step: 6380000, Average Reward: 64.677, Time Since Last Log: 0:00:12.131283
06-04 05:51:59: Progress: 63.9% Step: 6390000, Average Reward: 64.769, Time Since Last Log: 0:00:11.729269
06-04 05:52:11: Progress: 64.0% Step: 6400000, Average Reward: 64.834, Time Since Last Log: 0:00:12.039568
06-04 05:52:23: Progress: 64.1% Step: 6410000, Average Reward: 65.18, Time Since Last Log: 0:00:12.150965
06-04 05:52:35: Progress: 64.2% Step: 6420000, Average Reward: 65.18, Time Since Last Log: 0:00:11.878100
06-04 05:52:47: Progress: 64.3% Step: 6430000, Average Reward: 65.18, Time Since Last Log: 0:00:11.920981
06-04 05:52:59: Progress: 64.4% Step: 6440000, Average Reward: 65.277, Time Since Last Log: 0:00:11.859220
06-04 05:53:11: Progress: 64.5% Step: 6450000, Average Reward: 65.627, Time Since Last Log: 0:00:11.854343
06-04 05:53:23: Progress: 64.6% Step: 6460000, Average Reward: 65.627, Time Since Last Log: 0:00:12.145321
06-04 05:53:34: Progress: 64.7% Step: 6470000, Average Reward: 66.07, Time Since Last Log: 0:00:11.816952
06-04 05:53:46: Progress: 64.8% Step: 6480000, Average Reward: 66.07, Time Since Last Log: 0:00:11.728106
06-04 05:53:58: Progress: 64.9% Step: 6490000, Average Reward: 66.283, Time Since Last Log: 0:00:12.021118
06-04 05:54:10: Progress: 65.0% Step: 6500000, Average Reward: 66.283, Time Since Last Log: 0:00:11.883425
06-04 05:54:22: Progress: 65.1% Step: 6510000, Average Reward: 66.283, Time Since Last Log: 0:00:11.868651
06-04 05:54:34: Progress: 65.2% Step: 6520000, Average Reward: 66.381, Time Since Last Log: 0:00:12.068206
06-04 05:54:46: Progress: 65.3% Step: 6530000, Average Reward: 66.381, Time Since Last Log: 0:00:12.048292
06-04 05:54:58: Progress: 65.4% Step: 6540000, Average Reward: 66.746, Time Since Last Log: 0:00:12.030647
06-04 05:55:10: Progress: 65.5% Step: 6550000, Average Reward: 66.746, Time Since Last Log: 0:00:12.216571
06-04 05:55:22: Progress: 65.6% Step: 6560000, Average Reward: 67.27, Time Since Last Log: 0:00:12.066356
06-04 05:55:34: Progress: 65.7% Step: 6570000, Average Reward: 67.726, Time Since Last Log: 0:00:11.966749
06-04 05:55:46: Progress: 65.8% Step: 6580000, Average Reward: 67.815, Time Since Last Log: 0:00:11.924061
06-04 05:55:58: Progress: 65.9% Step: 6590000, Average Reward: 67.815, Time Since Last Log: 0:00:12.092179
06-04 05:56:11: Progress: 66.0% Step: 6600000, Average Reward: 67.815, Time Since Last Log: 0:00:12.114440
06-04 05:56:22: Progress: 66.1% Step: 6610000, Average Reward: 68.08, Time Since Last Log: 0:00:11.807862
06-04 05:56:35: Progress: 66.2% Step: 6620000, Average Reward: 68.08, Time Since Last Log: 0:00:12.291972
06-04 05:56:47: Progress: 66.3% Step: 6630000, Average Reward: 68.08, Time Since Last Log: 0:00:12.077790
06-04 05:56:59: Progress: 66.4% Step: 6640000, Average Reward: 68.08, Time Since Last Log: 0:00:11.873512
06-04 05:57:11: Progress: 66.5% Step: 6650000, Average Reward: 68.27, Time Since Last Log: 0:00:12.040583
06-04 05:57:23: Progress: 66.6% Step: 6660000, Average Reward: 68.401, Time Since Last Log: 0:00:12.108908
06-04 05:57:35: Progress: 66.7% Step: 6670000, Average Reward: 68.401, Time Since Last Log: 0:00:12.104057
06-04 05:57:47: Progress: 66.8% Step: 6680000, Average Reward: 68.561, Time Since Last Log: 0:00:11.784523
06-04 05:57:59: Progress: 66.9% Step: 6690000, Average Reward: 68.661, Time Since Last Log: 0:00:12.053462
06-04 05:58:10: Progress: 67.0% Step: 6700000, Average Reward: 68.661, Time Since Last Log: 0:00:11.726486
06-04 05:58:22: Progress: 67.1% Step: 6710000, Average Reward: 68.763, Time Since Last Log: 0:00:12.047324
06-04 05:58:34: Progress: 67.2% Step: 6720000, Average Reward: 68.763, Time Since Last Log: 0:00:11.753952
06-04 05:58:46: Progress: 67.3% Step: 6730000, Average Reward: 69.026, Time Since Last Log: 0:00:11.845979
06-04 05:58:58: Progress: 67.4% Step: 6740000, Average Reward: 69.026, Time Since Last Log: 0:00:11.966275
06-04 05:59:10: Progress: 67.5% Step: 6750000, Average Reward: 69.245, Time Since Last Log: 0:00:11.847318
06-04 05:59:22: Progress: 67.6% Step: 6760000, Average Reward: 69.336, Time Since Last Log: 0:00:12.035647
06-04 05:59:34: Progress: 67.7% Step: 6770000, Average Reward: 69.336, Time Since Last Log: 0:00:11.805131
06-04 05:59:46: Progress: 67.8% Step: 6780000, Average Reward: 69.537, Time Since Last Log: 0:00:12.061425
06-04 05:59:58: Progress: 67.9% Step: 6790000, Average Reward: 69.537, Time Since Last Log: 0:00:11.907616
06-04 06:00:10: Progress: 68.0% Step: 6800000, Average Reward: 69.804, Time Since Last Log: 0:00:11.842094
06-04 06:00:21: Progress: 68.1% Step: 6810000, Average Reward: 69.804, Time Since Last Log: 0:00:11.832781
06-04 06:00:33: Progress: 68.2% Step: 6820000, Average Reward: 70.044, Time Since Last Log: 0:00:11.853777
06-04 06:00:45: Progress: 68.3% Step: 6830000, Average Reward: 70.213, Time Since Last Log: 0:00:11.825508
06-04 06:00:57: Progress: 68.4% Step: 6840000, Average Reward: 70.213, Time Since Last Log: 0:00:12.020248
06-04 06:01:09: Progress: 68.5% Step: 6850000, Average Reward: 70.316, Time Since Last Log: 0:00:12.399499
06-04 06:01:21: Progress: 68.6% Step: 6860000, Average Reward: 70.42, Time Since Last Log: 0:00:12.016616
06-04 06:01:33: Progress: 68.7% Step: 6870000, Average Reward: 70.519, Time Since Last Log: 0:00:11.933117
06-04 06:01:45: Progress: 68.8% Step: 6880000, Average Reward: 70.722, Time Since Last Log: 0:00:12.083112
06-04 06:01:57: Progress: 68.9% Step: 6890000, Average Reward: 71.184, Time Since Last Log: 0:00:11.978617
06-04 06:02:09: Progress: 69.0% Step: 6900000, Average Reward: 71.288, Time Since Last Log: 0:00:11.943607
06-04 06:02:21: Progress: 69.1% Step: 6910000, Average Reward: 71.617, Time Since Last Log: 0:00:11.993953
06-04 06:02:33: Progress: 69.2% Step: 6920000, Average Reward: 71.617, Time Since Last Log: 0:00:11.480510
06-04 06:02:45: Progress: 69.3% Step: 6930000, Average Reward: 72.31, Time Since Last Log: 0:00:11.926370
06-04 06:02:57: Progress: 69.4% Step: 6940000, Average Reward: 72.416, Time Since Last Log: 0:00:12.108723
06-04 06:03:09: Progress: 69.5% Step: 6950000, Average Reward: 72.416, Time Since Last Log: 0:00:11.933847
06-04 06:03:21: Progress: 69.6% Step: 6960000, Average Reward: 72.945, Time Since Last Log: 0:00:11.894574
06-04 06:03:33: Progress: 69.7% Step: 6970000, Average Reward: 73.389, Time Since Last Log: 0:00:11.927460
06-04 06:03:44: Progress: 69.8% Step: 6980000, Average Reward: 73.389, Time Since Last Log: 0:00:11.677457
06-04 06:03:56: Progress: 69.9% Step: 6990000, Average Reward: 73.389, Time Since Last Log: 0:00:11.982927
06-04 06:04:08: Progress: 70.0% Step: 7000000, Average Reward: 73.484, Time Since Last Log: 0:00:12.016591
06-04 06:05:49: Test Results over 10 episodes: 
Average Reward: 374.900 
Max Reward: 436.0 
Min Reward: 212.0 
Standard Deviation: 61.277
06-04 06:06:05: Progress: 70.1% Step: 7010000, Average Reward: 73.484, Time Since Last Log: 0:01:56.368491
06-04 06:06:15: Step: 7018560 Env #12: New best return at episode #100 -> 497.0!!
06-04 06:06:17: Progress: 70.2% Step: 7020000, Average Reward: 74.055, Time Since Last Log: 0:00:12.107414
06-04 06:06:29: Progress: 70.3% Step: 7030000, Average Reward: 74.055, Time Since Last Log: 0:00:11.927740
06-04 06:06:41: Progress: 70.4% Step: 7040000, Average Reward: 74.055, Time Since Last Log: 0:00:12.069960
06-04 06:06:53: Progress: 70.5% Step: 7050000, Average Reward: 74.302, Time Since Last Log: 0:00:11.975680
06-04 06:07:05: Progress: 70.6% Step: 7060000, Average Reward: 74.672, Time Since Last Log: 0:00:12.397970
06-04 06:07:17: Progress: 70.7% Step: 7070000, Average Reward: 74.672, Time Since Last Log: 0:00:11.829808
06-04 06:07:29: Progress: 70.8% Step: 7080000, Average Reward: 75.005, Time Since Last Log: 0:00:12.149919
06-04 06:07:41: Progress: 70.9% Step: 7090000, Average Reward: 75.273, Time Since Last Log: 0:00:11.761674
06-04 06:07:53: Progress: 71.0% Step: 7100000, Average Reward: 75.902, Time Since Last Log: 0:00:11.821421
06-04 06:08:05: Progress: 71.1% Step: 7110000, Average Reward: 75.902, Time Since Last Log: 0:00:12.167721
06-04 06:08:17: Progress: 71.2% Step: 7120000, Average Reward: 75.902, Time Since Last Log: 0:00:11.751565
06-04 06:08:28: Progress: 71.3% Step: 7130000, Average Reward: 76.009, Time Since Last Log: 0:00:11.826389
06-04 06:08:40: Progress: 71.4% Step: 7140000, Average Reward: 76.239, Time Since Last Log: 0:00:11.881149
06-04 06:08:52: Progress: 71.5% Step: 7150000, Average Reward: 76.582, Time Since Last Log: 0:00:11.635335
06-04 06:09:04: Progress: 71.6% Step: 7160000, Average Reward: 76.825, Time Since Last Log: 0:00:12.155687
06-04 06:09:16: Progress: 71.7% Step: 7170000, Average Reward: 76.825, Time Since Last Log: 0:00:12.017555
06-04 06:09:28: Progress: 71.8% Step: 7180000, Average Reward: 76.96, Time Since Last Log: 0:00:11.590435
06-04 06:09:40: Progress: 71.9% Step: 7190000, Average Reward: 76.96, Time Since Last Log: 0:00:11.806444
06-04 06:09:51: Progress: 72.0% Step: 7200000, Average Reward: 77.062, Time Since Last Log: 0:00:11.873341
06-04 06:10:03: Progress: 72.1% Step: 7210000, Average Reward: 77.185, Time Since Last Log: 0:00:11.681460
06-04 06:10:15: Progress: 72.2% Step: 7220000, Average Reward: 77.185, Time Since Last Log: 0:00:11.980454
06-04 06:10:27: Progress: 72.3% Step: 7230000, Average Reward: 77.185, Time Since Last Log: 0:00:11.922238
06-04 06:10:40: Progress: 72.4% Step: 7240000, Average Reward: 77.185, Time Since Last Log: 0:00:12.468602
06-04 06:10:52: Progress: 72.5% Step: 7250000, Average Reward: 77.185, Time Since Last Log: 0:00:12.398428
06-04 06:11:05: Progress: 72.6% Step: 7260000, Average Reward: 77.185, Time Since Last Log: 0:00:12.757727
06-04 06:11:17: Progress: 72.7% Step: 7270000, Average Reward: 77.283, Time Since Last Log: 0:00:12.301383
06-04 06:11:29: Progress: 72.8% Step: 7280000, Average Reward: 77.283, Time Since Last Log: 0:00:12.330039
06-04 06:11:42: Progress: 72.9% Step: 7290000, Average Reward: 77.818, Time Since Last Log: 0:00:12.413762
06-04 06:11:54: Progress: 73.0% Step: 7300000, Average Reward: 78.05, Time Since Last Log: 0:00:12.227149
06-04 06:12:07: Progress: 73.1% Step: 7310000, Average Reward: 78.05, Time Since Last Log: 0:00:12.707363
06-04 06:12:19: Progress: 73.2% Step: 7320000, Average Reward: 78.05, Time Since Last Log: 0:00:12.410638
06-04 06:12:32: Progress: 73.3% Step: 7330000, Average Reward: 78.181, Time Since Last Log: 0:00:12.456350
06-04 06:12:44: Progress: 73.4% Step: 7340000, Average Reward: 78.289, Time Since Last Log: 0:00:12.221410
06-04 06:12:56: Progress: 73.5% Step: 7350000, Average Reward: 78.39, Time Since Last Log: 0:00:12.445144
06-04 06:13:09: Progress: 73.6% Step: 7360000, Average Reward: 78.498, Time Since Last Log: 0:00:12.355572
06-04 06:13:21: Progress: 73.7% Step: 7370000, Average Reward: 78.834, Time Since Last Log: 0:00:12.243793
06-04 06:13:33: Progress: 73.8% Step: 7380000, Average Reward: 78.834, Time Since Last Log: 0:00:12.272652
06-04 06:13:46: Progress: 73.9% Step: 7390000, Average Reward: 78.966, Time Since Last Log: 0:00:12.568859
06-04 06:13:58: Progress: 74.0% Step: 7400000, Average Reward: 79.231, Time Since Last Log: 0:00:12.531547
06-04 06:14:10: Progress: 74.1% Step: 7410000, Average Reward: 79.231, Time Since Last Log: 0:00:12.296022
06-04 06:14:23: Progress: 74.2% Step: 7420000, Average Reward: 79.231, Time Since Last Log: 0:00:12.276871
06-04 06:14:35: Progress: 74.3% Step: 7430000, Average Reward: 79.231, Time Since Last Log: 0:00:12.306072
06-04 06:14:48: Progress: 74.4% Step: 7440000, Average Reward: 79.231, Time Since Last Log: 0:00:12.755451
06-04 06:15:00: Progress: 74.5% Step: 7450000, Average Reward: 79.231, Time Since Last Log: 0:00:12.165203
06-04 06:15:12: Progress: 74.6% Step: 7460000, Average Reward: 79.455, Time Since Last Log: 0:00:12.265794
06-04 06:15:25: Progress: 74.7% Step: 7470000, Average Reward: 79.564, Time Since Last Log: 0:00:12.412433
06-04 06:15:37: Progress: 74.8% Step: 7480000, Average Reward: 79.687, Time Since Last Log: 0:00:12.523484
06-04 06:15:49: Progress: 74.9% Step: 7490000, Average Reward: 79.687, Time Since Last Log: 0:00:12.185884
06-04 06:16:02: Progress: 75.0% Step: 7500000, Average Reward: 79.687, Time Since Last Log: 0:00:12.271617
06-04 06:16:14: Progress: 75.1% Step: 7510000, Average Reward: 79.951, Time Since Last Log: 0:00:12.273545
06-04 06:16:26: Progress: 75.2% Step: 7520000, Average Reward: 79.951, Time Since Last Log: 0:00:12.321267
06-04 06:16:39: Progress: 75.3% Step: 7530000, Average Reward: 79.951, Time Since Last Log: 0:00:12.372872
06-04 06:16:51: Progress: 75.4% Step: 7540000, Average Reward: 80.076, Time Since Last Log: 0:00:12.257265
06-04 06:17:03: Progress: 75.5% Step: 7550000, Average Reward: 80.185, Time Since Last Log: 0:00:12.552342
06-04 06:17:16: Progress: 75.6% Step: 7560000, Average Reward: 80.185, Time Since Last Log: 0:00:12.488523
06-04 06:17:28: Progress: 75.7% Step: 7570000, Average Reward: 80.303, Time Since Last Log: 0:00:12.405744
06-04 06:17:41: Progress: 75.8% Step: 7580000, Average Reward: 80.303, Time Since Last Log: 0:00:12.225456
06-04 06:17:53: Progress: 75.9% Step: 7590000, Average Reward: 80.303, Time Since Last Log: 0:00:12.265890
06-04 06:18:05: Progress: 76.0% Step: 7600000, Average Reward: 80.424, Time Since Last Log: 0:00:12.231769
06-04 06:18:18: Progress: 76.1% Step: 7610000, Average Reward: 80.424, Time Since Last Log: 0:00:12.818683
06-04 06:18:30: Progress: 76.2% Step: 7620000, Average Reward: 80.665, Time Since Last Log: 0:00:12.351569
06-04 06:18:42: Progress: 76.3% Step: 7630000, Average Reward: 80.769, Time Since Last Log: 0:00:12.236854
06-04 06:18:55: Progress: 76.4% Step: 7640000, Average Reward: 80.855, Time Since Last Log: 0:00:12.241386
06-04 06:19:07: Progress: 76.5% Step: 7650000, Average Reward: 80.855, Time Since Last Log: 0:00:12.105587
06-04 06:19:19: Progress: 76.6% Step: 7660000, Average Reward: 80.855, Time Since Last Log: 0:00:12.685185
06-04 06:19:32: Progress: 76.7% Step: 7670000, Average Reward: 80.855, Time Since Last Log: 0:00:12.345711
06-04 06:19:44: Progress: 76.8% Step: 7680000, Average Reward: 81.046, Time Since Last Log: 0:00:12.376632
06-04 06:19:56: Progress: 76.9% Step: 7690000, Average Reward: 81.046, Time Since Last Log: 0:00:12.156167
06-04 06:20:09: Progress: 77.0% Step: 7700000, Average Reward: 81.046, Time Since Last Log: 0:00:12.554782
06-04 06:20:21: Progress: 77.1% Step: 7710000, Average Reward: 81.146, Time Since Last Log: 0:00:12.406683
06-04 06:20:34: Progress: 77.2% Step: 7720000, Average Reward: 81.146, Time Since Last Log: 0:00:12.276073
06-04 06:20:46: Progress: 77.3% Step: 7730000, Average Reward: 81.146, Time Since Last Log: 0:00:12.159735
06-04 06:20:58: Progress: 77.4% Step: 7740000, Average Reward: 81.258, Time Since Last Log: 0:00:12.333300
06-04 06:21:10: Progress: 77.5% Step: 7750000, Average Reward: 81.383, Time Since Last Log: 0:00:12.247325
06-04 06:21:23: Progress: 77.6% Step: 7760000, Average Reward: 81.383, Time Since Last Log: 0:00:12.224333
06-04 06:21:35: Progress: 77.7% Step: 7770000, Average Reward: 81.506, Time Since Last Log: 0:00:12.188178
06-04 06:21:47: Progress: 77.8% Step: 7780000, Average Reward: 81.506, Time Since Last Log: 0:00:12.367019
06-04 06:21:59: Progress: 77.9% Step: 7790000, Average Reward: 81.506, Time Since Last Log: 0:00:12.347143
06-04 06:22:12: Progress: 78.0% Step: 7800000, Average Reward: 81.731, Time Since Last Log: 0:00:12.356038
06-04 06:22:24: Progress: 78.1% Step: 7810000, Average Reward: 81.855, Time Since Last Log: 0:00:12.358613
06-04 06:22:36: Progress: 78.2% Step: 7820000, Average Reward: 81.987, Time Since Last Log: 0:00:12.070299
06-04 06:22:49: Progress: 78.3% Step: 7830000, Average Reward: 81.987, Time Since Last Log: 0:00:12.308817
06-04 06:23:01: Progress: 78.4% Step: 7840000, Average Reward: 82.506, Time Since Last Log: 0:00:12.542219
06-04 06:23:13: Progress: 78.5% Step: 7850000, Average Reward: 82.506, Time Since Last Log: 0:00:12.290640
06-04 06:23:26: Progress: 78.6% Step: 7860000, Average Reward: 82.506, Time Since Last Log: 0:00:12.313011
06-04 06:23:38: Progress: 78.7% Step: 7870000, Average Reward: 82.777, Time Since Last Log: 0:00:12.243105
06-04 06:23:50: Progress: 78.8% Step: 7880000, Average Reward: 82.887, Time Since Last Log: 0:00:12.258965
06-04 06:24:02: Progress: 78.9% Step: 7890000, Average Reward: 82.887, Time Since Last Log: 0:00:12.306369
06-04 06:24:14: Progress: 79.0% Step: 7900000, Average Reward: 82.887, Time Since Last Log: 0:00:11.935981
06-04 06:24:27: Progress: 79.1% Step: 7910000, Average Reward: 82.994, Time Since Last Log: 0:00:12.335408
06-04 06:24:39: Progress: 79.2% Step: 7920000, Average Reward: 82.994, Time Since Last Log: 0:00:12.264872
06-04 06:24:51: Progress: 79.3% Step: 7930000, Average Reward: 83.095, Time Since Last Log: 0:00:12.370197
06-04 06:25:04: Progress: 79.4% Step: 7940000, Average Reward: 83.095, Time Since Last Log: 0:00:12.327095
06-04 06:25:16: Progress: 79.5% Step: 7950000, Average Reward: 83.213, Time Since Last Log: 0:00:12.182029
06-04 06:25:28: Progress: 79.6% Step: 7960000, Average Reward: 83.314, Time Since Last Log: 0:00:12.141294
06-04 06:25:41: Progress: 79.7% Step: 7970000, Average Reward: 83.314, Time Since Last Log: 0:00:12.634284
06-04 06:25:53: Progress: 79.8% Step: 7980000, Average Reward: 83.367, Time Since Last Log: 0:00:12.208978
06-04 06:26:05: Progress: 79.9% Step: 7990000, Average Reward: 83.475, Time Since Last Log: 0:00:12.140576
06-04 06:26:17: Progress: 80.0% Step: 8000000, Average Reward: 83.583, Time Since Last Log: 0:00:12.132591
06-04 06:28:10: Test Results over 10 episodes: 
Average Reward: 356.600 
Max Reward: 420.0 
Min Reward: 91.0 
Standard Deviation: 92.640
06-04 06:28:28: Progress: 80.1% Step: 8010000, Average Reward: 83.667, Time Since Last Log: 0:02:10.445452
06-04 06:28:40: Progress: 80.2% Step: 8020000, Average Reward: 83.769, Time Since Last Log: 0:00:12.531836
06-04 06:28:53: Progress: 80.3% Step: 8030000, Average Reward: 83.769, Time Since Last Log: 0:00:12.423870
06-04 06:29:05: Progress: 80.4% Step: 8040000, Average Reward: 84.128, Time Since Last Log: 0:00:12.343191
06-04 06:29:18: Progress: 80.5% Step: 8050000, Average Reward: 84.128, Time Since Last Log: 0:00:12.687491
06-04 06:29:18: Step: 8050240 Env #2: New best return at episode #131 -> 829.0!!
06-04 06:29:30: Progress: 80.6% Step: 8060000, Average Reward: 84.24, Time Since Last Log: 0:00:12.437537
06-04 06:29:42: Progress: 80.7% Step: 8070000, Average Reward: 84.349, Time Since Last Log: 0:00:12.320594
06-04 06:29:55: Progress: 80.8% Step: 8080000, Average Reward: 84.349, Time Since Last Log: 0:00:12.264666
06-04 06:30:07: Progress: 80.9% Step: 8090000, Average Reward: 84.687, Time Since Last Log: 0:00:12.631130
06-04 06:30:20: Progress: 81.0% Step: 8100000, Average Reward: 84.687, Time Since Last Log: 0:00:12.377724
06-04 06:30:32: Progress: 81.1% Step: 8110000, Average Reward: 84.687, Time Since Last Log: 0:00:12.195532
06-04 06:30:44: Progress: 81.2% Step: 8120000, Average Reward: 84.687, Time Since Last Log: 0:00:12.303180
06-04 06:30:57: Progress: 81.3% Step: 8130000, Average Reward: 84.815, Time Since Last Log: 0:00:12.414059
06-04 06:31:09: Progress: 81.4% Step: 8140000, Average Reward: 84.815, Time Since Last Log: 0:00:12.406360
06-04 06:31:21: Progress: 81.5% Step: 8150000, Average Reward: 84.929, Time Since Last Log: 0:00:12.501676
06-04 06:31:34: Progress: 81.6% Step: 8160000, Average Reward: 84.929, Time Since Last Log: 0:00:12.422447
06-04 06:31:46: Progress: 81.7% Step: 8170000, Average Reward: 84.929, Time Since Last Log: 0:00:12.494249
06-04 06:31:58: Progress: 81.8% Step: 8180000, Average Reward: 85.052, Time Since Last Log: 0:00:11.958642
06-04 06:32:11: Progress: 81.9% Step: 8190000, Average Reward: 85.052, Time Since Last Log: 0:00:12.232750
06-04 06:32:23: Progress: 82.0% Step: 8200000, Average Reward: 85.164, Time Since Last Log: 0:00:12.380310
06-04 06:32:35: Progress: 82.1% Step: 8210000, Average Reward: 85.164, Time Since Last Log: 0:00:12.380347
06-04 06:32:48: Progress: 82.2% Step: 8220000, Average Reward: 85.164, Time Since Last Log: 0:00:12.447075
06-04 06:33:00: Progress: 82.3% Step: 8230000, Average Reward: 85.28, Time Since Last Log: 0:00:12.459936
06-04 06:33:13: Progress: 82.4% Step: 8240000, Average Reward: 85.407, Time Since Last Log: 0:00:12.344675
06-04 06:33:25: Progress: 82.5% Step: 8250000, Average Reward: 85.647, Time Since Last Log: 0:00:12.468697
06-04 06:33:37: Progress: 82.6% Step: 8260000, Average Reward: 85.647, Time Since Last Log: 0:00:12.447231
06-04 06:33:50: Progress: 82.7% Step: 8270000, Average Reward: 85.761, Time Since Last Log: 0:00:12.084436
06-04 06:34:02: Progress: 82.8% Step: 8280000, Average Reward: 85.761, Time Since Last Log: 0:00:12.124668
06-04 06:34:14: Progress: 82.9% Step: 8290000, Average Reward: 85.861, Time Since Last Log: 0:00:12.347308
06-04 06:34:26: Progress: 83.0% Step: 8300000, Average Reward: 85.967, Time Since Last Log: 0:00:12.324713
06-04 06:34:39: Progress: 83.1% Step: 8310000, Average Reward: 85.967, Time Since Last Log: 0:00:12.526432
06-04 06:34:51: Progress: 83.2% Step: 8320000, Average Reward: 85.967, Time Since Last Log: 0:00:12.005337
06-04 06:35:03: Progress: 83.3% Step: 8330000, Average Reward: 85.967, Time Since Last Log: 0:00:12.264252
06-04 06:35:15: Progress: 83.4% Step: 8340000, Average Reward: 86.074, Time Since Last Log: 0:00:12.253156
06-04 06:35:28: Progress: 83.5% Step: 8350000, Average Reward: 86.433, Time Since Last Log: 0:00:12.276750
06-04 06:35:40: Progress: 83.6% Step: 8360000, Average Reward: 86.433, Time Since Last Log: 0:00:12.125000
06-04 06:35:52: Progress: 83.7% Step: 8370000, Average Reward: 86.433, Time Since Last Log: 0:00:12.129085
06-04 06:36:04: Progress: 83.8% Step: 8380000, Average Reward: 86.433, Time Since Last Log: 0:00:12.349769
06-04 06:36:16: Progress: 83.9% Step: 8390000, Average Reward: 86.544, Time Since Last Log: 0:00:12.144174
06-04 06:36:29: Progress: 84.0% Step: 8400000, Average Reward: 86.776, Time Since Last Log: 0:00:12.709463
06-04 06:36:42: Progress: 84.1% Step: 8410000, Average Reward: 86.776, Time Since Last Log: 0:00:12.521195
06-04 06:36:54: Progress: 84.2% Step: 8420000, Average Reward: 86.776, Time Since Last Log: 0:00:12.119793
06-04 06:37:06: Progress: 84.3% Step: 8430000, Average Reward: 86.885, Time Since Last Log: 0:00:12.296333
06-04 06:37:19: Progress: 84.4% Step: 8440000, Average Reward: 87.0, Time Since Last Log: 0:00:12.633677
06-04 06:37:31: Progress: 84.5% Step: 8450000, Average Reward: 87.0, Time Since Last Log: 0:00:12.355468
06-04 06:37:44: Progress: 84.6% Step: 8460000, Average Reward: 87.213, Time Since Last Log: 0:00:12.484027
06-04 06:37:56: Progress: 84.7% Step: 8470000, Average Reward: 87.213, Time Since Last Log: 0:00:12.358530
06-04 06:38:08: Progress: 84.8% Step: 8480000, Average Reward: 87.213, Time Since Last Log: 0:00:12.504204
06-04 06:38:21: Progress: 84.9% Step: 8490000, Average Reward: 87.327, Time Since Last Log: 0:00:12.392218
06-04 06:38:33: Progress: 85.0% Step: 8500000, Average Reward: 87.451, Time Since Last Log: 0:00:12.258743
06-04 06:38:45: Progress: 85.1% Step: 8510000, Average Reward: 87.451, Time Since Last Log: 0:00:12.408967
06-04 06:38:58: Progress: 85.2% Step: 8520000, Average Reward: 87.451, Time Since Last Log: 0:00:12.327424
06-04 06:39:11: Progress: 85.3% Step: 8530000, Average Reward: 87.574, Time Since Last Log: 0:00:12.798457
06-04 06:39:23: Progress: 85.4% Step: 8540000, Average Reward: 87.574, Time Since Last Log: 0:00:12.425429
06-04 06:39:35: Progress: 85.5% Step: 8550000, Average Reward: 87.574, Time Since Last Log: 0:00:12.301182
06-04 06:39:48: Progress: 85.6% Step: 8560000, Average Reward: 87.783, Time Since Last Log: 0:00:12.309945
06-04 06:40:00: Progress: 85.7% Step: 8570000, Average Reward: 87.906, Time Since Last Log: 0:00:12.690385
06-04 06:40:12: Progress: 85.8% Step: 8580000, Average Reward: 88.035, Time Since Last Log: 0:00:11.959046
06-04 06:40:25: Progress: 85.9% Step: 8590000, Average Reward: 88.035, Time Since Last Log: 0:00:12.270552
06-04 06:40:37: Progress: 86.0% Step: 8600000, Average Reward: 88.153, Time Since Last Log: 0:00:12.094276
06-04 06:40:49: Progress: 86.1% Step: 8610000, Average Reward: 88.27, Time Since Last Log: 0:00:12.483464
06-04 06:41:01: Progress: 86.2% Step: 8620000, Average Reward: 88.396, Time Since Last Log: 0:00:12.312135
06-04 06:41:14: Progress: 86.3% Step: 8630000, Average Reward: 88.396, Time Since Last Log: 0:00:12.154639
06-04 06:41:26: Progress: 86.4% Step: 8640000, Average Reward: 88.61, Time Since Last Log: 0:00:12.472282
06-04 06:41:39: Progress: 86.5% Step: 8650000, Average Reward: 88.61, Time Since Last Log: 0:00:12.446011
06-04 06:41:51: Progress: 86.6% Step: 8660000, Average Reward: 88.61, Time Since Last Log: 0:00:12.576343
06-04 06:42:03: Progress: 86.7% Step: 8670000, Average Reward: 88.61, Time Since Last Log: 0:00:12.257038
06-04 06:42:16: Progress: 86.8% Step: 8680000, Average Reward: 88.72, Time Since Last Log: 0:00:12.314589
06-04 06:42:28: Progress: 86.9% Step: 8690000, Average Reward: 88.72, Time Since Last Log: 0:00:12.412143
06-04 06:42:40: Progress: 87.0% Step: 8700000, Average Reward: 88.83, Time Since Last Log: 0:00:12.363890
06-04 06:42:53: Progress: 87.1% Step: 8710000, Average Reward: 88.954, Time Since Last Log: 0:00:12.206808
06-04 06:43:05: Progress: 87.2% Step: 8720000, Average Reward: 88.954, Time Since Last Log: 0:00:12.489973
06-04 06:43:17: Progress: 87.3% Step: 8730000, Average Reward: 88.954, Time Since Last Log: 0:00:12.341645
06-04 06:43:30: Progress: 87.4% Step: 8740000, Average Reward: 88.954, Time Since Last Log: 0:00:12.539877
06-04 06:43:42: Progress: 87.5% Step: 8750000, Average Reward: 88.954, Time Since Last Log: 0:00:12.209384
06-04 06:43:55: Progress: 87.6% Step: 8760000, Average Reward: 88.954, Time Since Last Log: 0:00:12.398911
06-04 06:44:07: Progress: 87.7% Step: 8770000, Average Reward: 89.076, Time Since Last Log: 0:00:12.320992
06-04 06:44:19: Progress: 87.8% Step: 8780000, Average Reward: 89.176, Time Since Last Log: 0:00:12.361304
06-04 06:44:32: Progress: 87.9% Step: 8790000, Average Reward: 89.29, Time Since Last Log: 0:00:12.505811
06-04 06:44:44: Progress: 88.0% Step: 8800000, Average Reward: 89.533, Time Since Last Log: 0:00:12.187132
06-04 06:44:56: Progress: 88.1% Step: 8810000, Average Reward: 89.657, Time Since Last Log: 0:00:12.500803
06-04 06:45:09: Progress: 88.2% Step: 8820000, Average Reward: 89.884, Time Since Last Log: 0:00:12.380440
06-04 06:45:21: Progress: 88.3% Step: 8830000, Average Reward: 89.884, Time Since Last Log: 0:00:12.571983
06-04 06:45:34: Progress: 88.4% Step: 8840000, Average Reward: 89.884, Time Since Last Log: 0:00:12.448290
06-04 06:45:46: Progress: 88.5% Step: 8850000, Average Reward: 90.005, Time Since Last Log: 0:00:12.254269
06-04 06:45:58: Progress: 88.6% Step: 8860000, Average Reward: 90.13, Time Since Last Log: 0:00:12.312570
06-04 06:46:11: Progress: 88.7% Step: 8870000, Average Reward: 90.13, Time Since Last Log: 0:00:12.404870
06-04 06:46:23: Progress: 88.8% Step: 8880000, Average Reward: 90.255, Time Since Last Log: 0:00:12.356847
06-04 06:46:35: Progress: 88.9% Step: 8890000, Average Reward: 90.366, Time Since Last Log: 0:00:12.240822
06-04 06:46:48: Progress: 89.0% Step: 8900000, Average Reward: 90.491, Time Since Last Log: 0:00:12.048957
06-04 06:47:00: Progress: 89.1% Step: 8910000, Average Reward: 90.61, Time Since Last Log: 0:00:12.358663
06-04 06:47:12: Progress: 89.2% Step: 8920000, Average Reward: 90.721, Time Since Last Log: 0:00:12.427974
06-04 06:47:24: Progress: 89.3% Step: 8930000, Average Reward: 90.968, Time Since Last Log: 0:00:12.141839
06-04 06:47:36: Progress: 89.4% Step: 8940000, Average Reward: 91.223, Time Since Last Log: 0:00:11.926966
06-04 06:47:49: Progress: 89.5% Step: 8950000, Average Reward: 91.223, Time Since Last Log: 0:00:12.234978
06-04 06:48:01: Progress: 89.6% Step: 8960000, Average Reward: 91.223, Time Since Last Log: 0:00:12.549764
06-04 06:48:14: Progress: 89.7% Step: 8970000, Average Reward: 91.223, Time Since Last Log: 0:00:12.446902
06-04 06:48:26: Progress: 89.8% Step: 8980000, Average Reward: 91.223, Time Since Last Log: 0:00:12.322787
06-04 06:48:38: Progress: 89.9% Step: 8990000, Average Reward: 91.35, Time Since Last Log: 0:00:12.130971
06-04 06:48:50: Progress: 90.0% Step: 9000000, Average Reward: 91.464, Time Since Last Log: 0:00:12.095800
06-04 06:50:07: Test Results over 10 episodes: 
Average Reward: 352.200 
Max Reward: 421.0 
Min Reward: 54.0 
Standard Deviation: 106.352
06-04 06:50:26: Progress: 90.1% Step: 9010000, Average Reward: 91.577, Time Since Last Log: 0:01:35.609079
06-04 06:50:38: Progress: 90.2% Step: 9020000, Average Reward: 91.577, Time Since Last Log: 0:00:12.011068
06-04 06:50:50: Progress: 90.3% Step: 9030000, Average Reward: 91.577, Time Since Last Log: 0:00:12.379017
06-04 06:51:02: Progress: 90.4% Step: 9040000, Average Reward: 91.692, Time Since Last Log: 0:00:12.256159
06-04 06:51:15: Progress: 90.5% Step: 9050000, Average Reward: 91.839, Time Since Last Log: 0:00:12.206927
06-04 06:51:27: Progress: 90.6% Step: 9060000, Average Reward: 92.109, Time Since Last Log: 0:00:12.411564
06-04 06:51:39: Progress: 90.7% Step: 9070000, Average Reward: 92.236, Time Since Last Log: 0:00:12.322604
06-04 06:51:52: Progress: 90.8% Step: 9080000, Average Reward: 92.348, Time Since Last Log: 0:00:12.498273
06-04 06:52:04: Progress: 90.9% Step: 9090000, Average Reward: 92.348, Time Since Last Log: 0:00:12.391997
06-04 06:52:15: Step: 9098480 Env #9: New best return at episode #125 -> 833.0!!
06-04 06:52:17: Progress: 91.0% Step: 9100000, Average Reward: 92.464, Time Since Last Log: 0:00:12.349857
06-04 06:52:29: Progress: 91.1% Step: 9110000, Average Reward: 92.577, Time Since Last Log: 0:00:12.445129
06-04 06:52:41: Progress: 91.2% Step: 9120000, Average Reward: 92.689, Time Since Last Log: 0:00:12.201586
06-04 06:52:53: Progress: 91.3% Step: 9130000, Average Reward: 92.922, Time Since Last Log: 0:00:12.064956
06-04 06:53:06: Progress: 91.4% Step: 9140000, Average Reward: 93.028, Time Since Last Log: 0:00:12.684943
06-04 06:53:18: Progress: 91.5% Step: 9150000, Average Reward: 93.028, Time Since Last Log: 0:00:12.350624
06-04 06:53:31: Progress: 91.6% Step: 9160000, Average Reward: 93.17, Time Since Last Log: 0:00:12.260687
06-04 06:53:43: Progress: 91.7% Step: 9170000, Average Reward: 93.17, Time Since Last Log: 0:00:12.285690
06-04 06:53:55: Progress: 91.8% Step: 9180000, Average Reward: 93.283, Time Since Last Log: 0:00:12.274633
06-04 06:54:07: Progress: 91.9% Step: 9190000, Average Reward: 93.283, Time Since Last Log: 0:00:12.247748
06-04 06:54:19: Progress: 92.0% Step: 9200000, Average Reward: 93.283, Time Since Last Log: 0:00:12.070446
06-04 06:54:32: Progress: 92.1% Step: 9210000, Average Reward: 93.517, Time Since Last Log: 0:00:12.280668
06-04 06:54:44: Progress: 92.2% Step: 9220000, Average Reward: 93.639, Time Since Last Log: 0:00:12.122301
06-04 06:54:56: Progress: 92.3% Step: 9230000, Average Reward: 93.639, Time Since Last Log: 0:00:12.262439
06-04 06:55:08: Progress: 92.4% Step: 9240000, Average Reward: 93.639, Time Since Last Log: 0:00:12.187114
06-04 06:55:21: Progress: 92.5% Step: 9250000, Average Reward: 93.639, Time Since Last Log: 0:00:12.357446
06-04 06:55:33: Progress: 92.6% Step: 9260000, Average Reward: 93.639, Time Since Last Log: 0:00:12.055178
06-04 06:55:45: Progress: 92.7% Step: 9270000, Average Reward: 93.639, Time Since Last Log: 0:00:12.169233
06-04 06:55:57: Progress: 92.8% Step: 9280000, Average Reward: 93.639, Time Since Last Log: 0:00:12.459778
06-04 06:56:10: Progress: 92.9% Step: 9290000, Average Reward: 93.75, Time Since Last Log: 0:00:12.139169
06-04 06:56:22: Progress: 93.0% Step: 9300000, Average Reward: 93.865, Time Since Last Log: 0:00:12.180760
06-04 06:56:34: Progress: 93.1% Step: 9310000, Average Reward: 93.865, Time Since Last Log: 0:00:12.227376
06-04 06:56:46: Progress: 93.2% Step: 9320000, Average Reward: 94.132, Time Since Last Log: 0:00:12.343200
06-04 06:56:58: Progress: 93.3% Step: 9330000, Average Reward: 94.132, Time Since Last Log: 0:00:12.221925
06-04 06:57:11: Progress: 93.4% Step: 9340000, Average Reward: 94.233, Time Since Last Log: 0:00:12.537496
06-04 06:57:23: Progress: 93.5% Step: 9350000, Average Reward: 94.459, Time Since Last Log: 0:00:12.460488
06-04 06:57:36: Progress: 93.6% Step: 9360000, Average Reward: 94.459, Time Since Last Log: 0:00:12.267775
06-04 06:57:48: Progress: 93.7% Step: 9370000, Average Reward: 94.459, Time Since Last Log: 0:00:12.274186
06-04 06:58:00: Progress: 93.8% Step: 9380000, Average Reward: 94.581, Time Since Last Log: 0:00:12.226074
06-04 06:58:12: Progress: 93.9% Step: 9390000, Average Reward: 94.821, Time Since Last Log: 0:00:12.164918
06-04 06:58:25: Progress: 94.0% Step: 9400000, Average Reward: 94.926, Time Since Last Log: 0:00:12.264385
06-04 06:58:37: Progress: 94.1% Step: 9410000, Average Reward: 95.039, Time Since Last Log: 0:00:12.500936
06-04 06:58:49: Progress: 94.2% Step: 9420000, Average Reward: 95.039, Time Since Last Log: 0:00:12.230643
06-04 06:59:02: Progress: 94.3% Step: 9430000, Average Reward: 95.28, Time Since Last Log: 0:00:12.223693
06-04 06:59:14: Progress: 94.4% Step: 9440000, Average Reward: 95.405, Time Since Last Log: 0:00:12.198081
06-04 06:59:27: Progress: 94.5% Step: 9450000, Average Reward: 95.631, Time Since Last Log: 0:00:12.683470
06-04 06:59:39: Progress: 94.6% Step: 9460000, Average Reward: 95.859, Time Since Last Log: 0:00:12.230413
06-04 06:59:51: Progress: 94.7% Step: 9470000, Average Reward: 96.126, Time Since Last Log: 0:00:12.457041
06-04 07:00:03: Progress: 94.8% Step: 9480000, Average Reward: 96.126, Time Since Last Log: 0:00:12.275722
06-04 07:00:16: Progress: 94.9% Step: 9490000, Average Reward: 96.347, Time Since Last Log: 0:00:12.449491
06-04 07:00:29: Progress: 95.0% Step: 9500000, Average Reward: 96.347, Time Since Last Log: 0:00:12.609399
06-04 07:00:41: Progress: 95.1% Step: 9510000, Average Reward: 96.473, Time Since Last Log: 0:00:12.358408
06-04 07:00:53: Progress: 95.2% Step: 9520000, Average Reward: 96.473, Time Since Last Log: 0:00:12.340629
06-04 07:01:06: Progress: 95.3% Step: 9530000, Average Reward: 96.585, Time Since Last Log: 0:00:12.478386
06-04 07:01:18: Progress: 95.4% Step: 9540000, Average Reward: 96.585, Time Since Last Log: 0:00:12.608663
06-04 07:01:31: Progress: 95.5% Step: 9550000, Average Reward: 96.585, Time Since Last Log: 0:00:12.347499
06-04 07:01:43: Progress: 95.6% Step: 9560000, Average Reward: 96.712, Time Since Last Log: 0:00:12.235911
06-04 07:01:55: Progress: 95.7% Step: 9570000, Average Reward: 96.834, Time Since Last Log: 0:00:12.208174
06-04 07:02:08: Progress: 95.8% Step: 9580000, Average Reward: 97.049, Time Since Last Log: 0:00:12.449991
06-04 07:02:20: Progress: 95.9% Step: 9590000, Average Reward: 97.166, Time Since Last Log: 0:00:12.390108
06-04 07:02:32: Progress: 96.0% Step: 9600000, Average Reward: 97.405, Time Since Last Log: 0:00:12.371832
06-04 07:02:45: Progress: 96.1% Step: 9610000, Average Reward: 97.528, Time Since Last Log: 0:00:12.437097
06-04 07:02:57: Progress: 96.2% Step: 9620000, Average Reward: 97.528, Time Since Last Log: 0:00:12.656991
06-04 07:03:10: Progress: 96.3% Step: 9630000, Average Reward: 97.76, Time Since Last Log: 0:00:12.350212
06-04 07:03:22: Progress: 96.4% Step: 9640000, Average Reward: 97.902, Time Since Last Log: 0:00:12.288145
06-04 07:03:34: Progress: 96.5% Step: 9650000, Average Reward: 97.902, Time Since Last Log: 0:00:12.439167
06-04 07:03:47: Progress: 96.6% Step: 9660000, Average Reward: 98.028, Time Since Last Log: 0:00:12.281469
06-04 07:03:59: Progress: 96.7% Step: 9670000, Average Reward: 98.267, Time Since Last Log: 0:00:12.334860
06-04 07:04:11: Progress: 96.8% Step: 9680000, Average Reward: 98.267, Time Since Last Log: 0:00:12.179141
06-04 07:04:23: Progress: 96.9% Step: 9690000, Average Reward: 98.267, Time Since Last Log: 0:00:12.141633
06-04 07:04:36: Progress: 97.0% Step: 9700000, Average Reward: 98.513, Time Since Last Log: 0:00:12.363196
06-04 07:04:49: Progress: 97.1% Step: 9710000, Average Reward: 98.513, Time Since Last Log: 0:00:12.778667
06-04 07:05:01: Progress: 97.2% Step: 9720000, Average Reward: 98.513, Time Since Last Log: 0:00:12.266961
06-04 07:05:13: Progress: 97.3% Step: 9730000, Average Reward: 98.513, Time Since Last Log: 0:00:12.242041
06-04 07:05:25: Progress: 97.4% Step: 9740000, Average Reward: 98.745, Time Since Last Log: 0:00:12.190583
06-04 07:05:38: Progress: 97.5% Step: 9750000, Average Reward: 98.745, Time Since Last Log: 0:00:12.315008
06-04 07:05:50: Progress: 97.6% Step: 9760000, Average Reward: 98.987, Time Since Last Log: 0:00:12.485590
06-04 07:06:03: Progress: 97.7% Step: 9770000, Average Reward: 99.201, Time Since Last Log: 0:00:12.519796
06-04 07:06:15: Progress: 97.8% Step: 9780000, Average Reward: 99.201, Time Since Last Log: 0:00:12.156839
06-04 07:06:27: Progress: 97.9% Step: 9790000, Average Reward: 99.201, Time Since Last Log: 0:00:12.124191
06-04 07:06:39: Progress: 98.0% Step: 9800000, Average Reward: 99.201, Time Since Last Log: 0:00:12.600941
06-04 07:06:52: Progress: 98.1% Step: 9810000, Average Reward: 99.329, Time Since Last Log: 0:00:12.312573
06-04 07:07:04: Progress: 98.2% Step: 9820000, Average Reward: 99.454, Time Since Last Log: 0:00:12.382649
06-04 07:07:16: Progress: 98.3% Step: 9830000, Average Reward: 99.454, Time Since Last Log: 0:00:12.230833
06-04 07:07:29: Progress: 98.4% Step: 9840000, Average Reward: 99.666, Time Since Last Log: 0:00:12.338073
06-04 07:07:41: Progress: 98.5% Step: 9850000, Average Reward: 99.666, Time Since Last Log: 0:00:12.349121
06-04 07:07:53: Progress: 98.6% Step: 9860000, Average Reward: 99.778, Time Since Last Log: 0:00:12.125317
06-04 07:08:05: Progress: 98.7% Step: 9870000, Average Reward: 99.778, Time Since Last Log: 0:00:12.229245
06-04 07:08:18: Progress: 98.8% Step: 9880000, Average Reward: 99.897, Time Since Last Log: 0:00:12.128173
06-04 07:08:30: Progress: 98.9% Step: 9890000, Average Reward: 100.011, Time Since Last Log: 0:00:12.483186
06-04 07:08:42: Progress: 99.0% Step: 9900000, Average Reward: 100.011, Time Since Last Log: 0:00:12.379306
06-04 07:08:55: Progress: 99.1% Step: 9910000, Average Reward: 100.011, Time Since Last Log: 0:00:12.354284
06-04 07:09:07: Progress: 99.2% Step: 9920000, Average Reward: 100.011, Time Since Last Log: 0:00:12.059788
06-04 07:09:19: Progress: 99.3% Step: 9930000, Average Reward: 100.13, Time Since Last Log: 0:00:12.084857
06-04 07:09:31: Progress: 99.4% Step: 9940000, Average Reward: 100.13, Time Since Last Log: 0:00:12.521947
06-04 07:09:44: Progress: 99.5% Step: 9950000, Average Reward: 100.13, Time Since Last Log: 0:00:12.350077
06-04 07:09:56: Progress: 99.6% Step: 9960000, Average Reward: 100.485, Time Since Last Log: 0:00:12.315847
06-04 07:10:08: Progress: 99.7% Step: 9970000, Average Reward: 100.593, Time Since Last Log: 0:00:12.305838
06-04 07:10:21: Progress: 99.8% Step: 9980000, Average Reward: 100.593, Time Since Last Log: 0:00:12.670219
06-04 07:10:33: Progress: 99.9% Step: 9990000, Average Reward: 100.593, Time Since Last Log: 0:00:12.163895
06-04 07:10:45: Progress: 100.0% Step: 10000000, Average Reward: 100.593, Time Since Last Log: 0:00:12.089337
06-04 07:13:14: Test Results over 10 episodes: 
Average Reward: 459.000 
Max Reward: 816.0 
Min Reward: 82.0 
Standard Deviation: 191.905
06-04 07:36:45: Test Results over 100 episodes: 
Average Reward: 406.530 
Max Reward: 751.0 
Min Reward: 75.0 
Standard Deviation: 83.532
