06-07 19:17:05: Training starting...Total steps: 10000000
06-07 19:17:08: Step: 1872 Env #0: New best return at episode #1 -> 0.0!!
06-07 19:17:09: Step: 2320 Env #4: New best return at episode #1 -> 1.0!!
06-07 19:17:10: Step: 2880 Env #7: New best return at episode #1 -> 2.0!!
06-07 19:17:11: Step: 3520 Env #1: New best return at episode #1 -> 3.0!!
06-07 19:17:12: Step: 4336 Env #2: New best return at episode #1 -> 4.0!!
06-07 19:17:21: Progress: 0.1% Step: 10000, Average Reward: 0.438, Time Since Last Log: 0:00:15.884616
06-07 19:17:22: Step: 10832 Env #0: New best return at episode #4 -> 7.0!!
06-07 19:17:36: Progress: 0.2% Step: 20000, Average Reward: 0.742, Time Since Last Log: 0:00:15.468961
06-07 19:17:41: Step: 22976 Env #13: New best return at episode #9 -> 9.0!!
06-07 19:17:51: Progress: 0.3% Step: 30000, Average Reward: 0.711, Time Since Last Log: 0:00:14.802970
06-07 19:18:07: Progress: 0.4% Step: 40000, Average Reward: 0.722, Time Since Last Log: 0:00:15.651883
06-07 19:18:22: Progress: 0.5% Step: 50000, Average Reward: 0.757, Time Since Last Log: 0:00:14.755932
06-07 19:18:37: Progress: 0.6% Step: 60000, Average Reward: 0.756, Time Since Last Log: 0:00:15.313067
06-07 19:18:51: Progress: 0.7% Step: 70000, Average Reward: 0.802, Time Since Last Log: 0:00:14.087164
06-07 19:19:05: Progress: 0.8% Step: 80000, Average Reward: 0.797, Time Since Last Log: 0:00:14.030478
06-07 19:19:19: Progress: 0.9% Step: 90000, Average Reward: 0.754, Time Since Last Log: 0:00:13.689915
06-07 19:19:32: Progress: 1.0% Step: 100000, Average Reward: 0.778, Time Since Last Log: 0:00:13.448171
06-07 19:19:46: Progress: 1.1% Step: 110000, Average Reward: 0.805, Time Since Last Log: 0:00:13.619989
06-07 19:19:50: Step: 112832 Env #8: New best return at episode #57 -> 14.0!!
06-07 19:20:00: Progress: 1.2% Step: 120000, Average Reward: 0.815, Time Since Last Log: 0:00:13.738470
06-07 19:20:13: Progress: 1.3% Step: 130000, Average Reward: 0.828, Time Since Last Log: 0:00:13.687333
06-07 19:20:27: Progress: 1.4% Step: 140000, Average Reward: 0.874, Time Since Last Log: 0:00:13.611836
06-07 19:20:41: Progress: 1.5% Step: 150000, Average Reward: 0.914, Time Since Last Log: 0:00:14.461926
06-07 19:20:56: Progress: 1.6% Step: 160000, Average Reward: 0.934, Time Since Last Log: 0:00:14.927369
06-07 19:21:10: Progress: 1.7% Step: 170000, Average Reward: 0.96, Time Since Last Log: 0:00:13.954154
06-07 19:21:24: Progress: 1.8% Step: 180000, Average Reward: 1.005, Time Since Last Log: 0:00:13.915539
06-07 19:21:39: Progress: 1.9% Step: 190000, Average Reward: 1.042, Time Since Last Log: 0:00:14.827761
06-07 19:21:53: Progress: 2.0% Step: 200000, Average Reward: 1.072, Time Since Last Log: 0:00:14.128007
06-07 19:22:08: Progress: 2.1% Step: 210000, Average Reward: 1.121, Time Since Last Log: 0:00:14.776515
06-07 19:22:22: Progress: 2.2% Step: 220000, Average Reward: 1.161, Time Since Last Log: 0:00:14.139878
06-07 19:22:38: Progress: 2.3% Step: 230000, Average Reward: 1.184, Time Since Last Log: 0:00:15.864677
06-07 19:22:52: Progress: 2.4% Step: 240000, Average Reward: 1.2, Time Since Last Log: 0:00:14.505409
06-07 19:23:06: Progress: 2.5% Step: 250000, Average Reward: 1.215, Time Since Last Log: 0:00:13.881296
06-07 19:23:20: Progress: 2.6% Step: 260000, Average Reward: 1.226, Time Since Last Log: 0:00:13.616594
06-07 19:23:34: Progress: 2.7% Step: 270000, Average Reward: 1.241, Time Since Last Log: 0:00:13.729682
06-07 19:23:47: Progress: 2.8% Step: 280000, Average Reward: 1.259, Time Since Last Log: 0:00:13.422081
06-07 19:24:01: Progress: 2.9% Step: 290000, Average Reward: 1.279, Time Since Last Log: 0:00:13.800257
06-07 19:24:14: Progress: 3.0% Step: 300000, Average Reward: 1.294, Time Since Last Log: 0:00:13.432019
06-07 19:24:29: Progress: 3.1% Step: 310000, Average Reward: 1.309, Time Since Last Log: 0:00:14.517802
06-07 19:24:43: Progress: 3.2% Step: 320000, Average Reward: 1.327, Time Since Last Log: 0:00:14.366158
06-07 19:24:58: Progress: 3.3% Step: 330000, Average Reward: 1.342, Time Since Last Log: 0:00:14.734141
06-07 19:25:12: Progress: 3.4% Step: 340000, Average Reward: 1.358, Time Since Last Log: 0:00:14.411777
06-07 19:25:26: Progress: 3.5% Step: 350000, Average Reward: 1.372, Time Since Last Log: 0:00:13.977609
06-07 19:25:40: Progress: 3.6% Step: 360000, Average Reward: 1.385, Time Since Last Log: 0:00:13.656312
06-07 19:25:54: Progress: 3.7% Step: 370000, Average Reward: 1.4, Time Since Last Log: 0:00:13.621004
06-07 19:26:07: Progress: 3.8% Step: 380000, Average Reward: 1.418, Time Since Last Log: 0:00:13.812798
06-07 19:26:21: Progress: 3.9% Step: 390000, Average Reward: 1.433, Time Since Last Log: 0:00:14.018059
06-07 19:26:35: Progress: 4.0% Step: 400000, Average Reward: 1.447, Time Since Last Log: 0:00:13.581314
06-07 19:26:48: Progress: 4.1% Step: 410000, Average Reward: 1.457, Time Since Last Log: 0:00:13.428888
06-07 19:27:02: Progress: 4.2% Step: 420000, Average Reward: 1.471, Time Since Last Log: 0:00:13.597633
06-07 19:27:16: Progress: 4.3% Step: 430000, Average Reward: 1.486, Time Since Last Log: 0:00:13.593492
06-07 19:27:30: Progress: 4.4% Step: 440000, Average Reward: 1.5, Time Since Last Log: 0:00:14.339344
06-07 19:27:43: Progress: 4.5% Step: 450000, Average Reward: 1.514, Time Since Last Log: 0:00:13.274726
06-07 19:27:51: Step: 455264 Env #0: New best return at episode #179 -> 17.0!!
06-07 19:27:57: Progress: 4.6% Step: 460000, Average Reward: 1.528, Time Since Last Log: 0:00:13.626728
06-07 19:28:11: Progress: 4.7% Step: 470000, Average Reward: 1.542, Time Since Last Log: 0:00:13.872899
06-07 19:28:24: Progress: 4.8% Step: 480000, Average Reward: 1.555, Time Since Last Log: 0:00:13.322821
06-07 19:28:37: Progress: 4.9% Step: 490000, Average Reward: 1.573, Time Since Last Log: 0:00:13.342395
06-07 19:28:51: Progress: 5.0% Step: 500000, Average Reward: 1.59, Time Since Last Log: 0:00:13.559295
06-07 19:29:02: Step: 508368 Env #1: New best return at episode #202 -> 23.0!!
06-07 19:29:04: Progress: 5.1% Step: 510000, Average Reward: 1.604, Time Since Last Log: 0:00:13.159434
06-07 19:29:17: Progress: 5.2% Step: 520000, Average Reward: 1.617, Time Since Last Log: 0:00:13.199114
06-07 19:29:31: Progress: 5.3% Step: 530000, Average Reward: 1.633, Time Since Last Log: 0:00:13.323008
06-07 19:29:44: Progress: 5.4% Step: 540000, Average Reward: 1.65, Time Since Last Log: 0:00:13.225645
06-07 19:29:57: Progress: 5.5% Step: 550000, Average Reward: 1.667, Time Since Last Log: 0:00:13.398908
06-07 19:30:11: Progress: 5.6% Step: 560000, Average Reward: 1.683, Time Since Last Log: 0:00:13.342166
06-07 19:30:24: Progress: 5.7% Step: 570000, Average Reward: 1.697, Time Since Last Log: 0:00:13.083690
06-07 19:30:37: Progress: 5.8% Step: 580000, Average Reward: 1.717, Time Since Last Log: 0:00:13.236118
06-07 19:30:51: Progress: 5.9% Step: 590000, Average Reward: 1.736, Time Since Last Log: 0:00:13.597406
06-07 19:31:04: Progress: 6.0% Step: 600000, Average Reward: 1.755, Time Since Last Log: 0:00:13.313058
06-07 19:31:17: Progress: 6.1% Step: 610000, Average Reward: 1.774, Time Since Last Log: 0:00:13.496126
06-07 19:31:31: Progress: 6.2% Step: 620000, Average Reward: 1.793, Time Since Last Log: 0:00:14.132063
06-07 19:31:45: Progress: 6.3% Step: 630000, Average Reward: 1.812, Time Since Last Log: 0:00:13.590573
06-07 19:31:58: Progress: 6.4% Step: 640000, Average Reward: 1.835, Time Since Last Log: 0:00:13.267025
06-07 19:32:12: Progress: 6.5% Step: 650000, Average Reward: 1.855, Time Since Last Log: 0:00:13.285743
06-07 19:32:25: Progress: 6.6% Step: 660000, Average Reward: 1.874, Time Since Last Log: 0:00:13.325978
06-07 19:32:39: Progress: 6.7% Step: 670000, Average Reward: 1.893, Time Since Last Log: 0:00:13.611301
06-07 19:32:52: Progress: 6.8% Step: 680000, Average Reward: 1.911, Time Since Last Log: 0:00:13.834814
06-07 19:33:06: Progress: 6.9% Step: 690000, Average Reward: 1.932, Time Since Last Log: 0:00:14.034223
06-07 19:33:10: Step: 692352 Env #4: New best return at episode #244 -> 26.0!!
06-07 19:33:20: Progress: 7.0% Step: 700000, Average Reward: 1.953, Time Since Last Log: 0:00:13.762887
06-07 19:33:34: Progress: 7.1% Step: 710000, Average Reward: 1.971, Time Since Last Log: 0:00:14.041104
06-07 19:33:48: Progress: 7.2% Step: 720000, Average Reward: 1.994, Time Since Last Log: 0:00:13.821528
06-07 19:34:02: Progress: 7.3% Step: 730000, Average Reward: 2.016, Time Since Last Log: 0:00:13.698848
06-07 19:34:15: Progress: 7.4% Step: 740000, Average Reward: 2.036, Time Since Last Log: 0:00:13.532383
06-07 19:34:29: Progress: 7.5% Step: 750000, Average Reward: 2.059, Time Since Last Log: 0:00:13.902840
06-07 19:34:43: Progress: 7.6% Step: 760000, Average Reward: 2.082, Time Since Last Log: 0:00:13.930845
06-07 19:34:57: Progress: 7.7% Step: 770000, Average Reward: 2.105, Time Since Last Log: 0:00:13.770002
06-07 19:35:11: Progress: 7.8% Step: 780000, Average Reward: 2.127, Time Since Last Log: 0:00:13.799550
06-07 19:35:25: Progress: 7.9% Step: 790000, Average Reward: 2.149, Time Since Last Log: 0:00:13.852969
06-07 19:35:39: Progress: 8.0% Step: 800000, Average Reward: 2.17, Time Since Last Log: 0:00:13.996128
06-07 19:35:52: Progress: 8.1% Step: 810000, Average Reward: 2.192, Time Since Last Log: 0:00:13.811898
06-07 19:36:06: Progress: 8.2% Step: 820000, Average Reward: 2.221, Time Since Last Log: 0:00:13.858770
06-07 19:36:20: Progress: 8.3% Step: 830000, Average Reward: 2.244, Time Since Last Log: 0:00:13.515017
06-07 19:36:28: Step: 836016 Env #7: New best return at episode #264 -> 29.0!!
06-07 19:36:33: Progress: 8.4% Step: 840000, Average Reward: 2.267, Time Since Last Log: 0:00:13.767902
06-07 19:36:37: Step: 842304 Env #0: New best return at episode #248 -> 31.0!!
06-07 19:36:47: Progress: 8.5% Step: 850000, Average Reward: 2.296, Time Since Last Log: 0:00:13.717147
06-07 19:37:01: Progress: 8.6% Step: 860000, Average Reward: 2.321, Time Since Last Log: 0:00:13.687747
06-07 19:37:15: Progress: 8.7% Step: 870000, Average Reward: 2.352, Time Since Last Log: 0:00:13.716040
06-07 19:37:28: Progress: 8.8% Step: 880000, Average Reward: 2.379, Time Since Last Log: 0:00:13.539216
06-07 19:37:42: Progress: 8.9% Step: 890000, Average Reward: 2.41, Time Since Last Log: 0:00:13.737514
06-07 19:37:55: Step: 899824 Env #9: New best return at episode #279 -> 38.0!!
06-07 19:37:56: Progress: 9.0% Step: 900000, Average Reward: 2.445, Time Since Last Log: 0:00:13.838674
06-07 19:38:09: Progress: 9.1% Step: 910000, Average Reward: 2.467, Time Since Last Log: 0:00:13.336623
06-07 19:38:23: Progress: 9.2% Step: 920000, Average Reward: 2.502, Time Since Last Log: 0:00:13.800409
06-07 19:38:33: Step: 927184 Env #8: New best return at episode #276 -> 41.0!!
06-07 19:38:36: Progress: 9.3% Step: 930000, Average Reward: 2.524, Time Since Last Log: 0:00:13.590833
06-07 19:38:50: Progress: 9.4% Step: 940000, Average Reward: 2.556, Time Since Last Log: 0:00:13.549043
06-07 19:39:04: Progress: 9.5% Step: 950000, Average Reward: 2.582, Time Since Last Log: 0:00:13.617224
06-07 19:39:17: Progress: 9.6% Step: 960000, Average Reward: 2.614, Time Since Last Log: 0:00:13.631890
06-07 19:39:31: Progress: 9.7% Step: 970000, Average Reward: 2.644, Time Since Last Log: 0:00:13.560815
06-07 19:39:45: Progress: 9.8% Step: 980000, Average Reward: 2.671, Time Since Last Log: 0:00:13.773272
06-07 19:39:58: Progress: 9.9% Step: 990000, Average Reward: 2.696, Time Since Last Log: 0:00:13.449654
06-07 19:40:10: Step: 998528 Env #13: New best return at episode #297 -> 51.0!!
06-07 19:40:12: Progress: 10.0% Step: 1000000, Average Reward: 2.724, Time Since Last Log: 0:00:13.505491
06-07 19:40:45: Test Results over 10 episodes: 
Average Reward: 24.500 
Max Reward: 50.0 
Min Reward: 10.0 
Standard Deviation: 12.233
06-07 19:40:59: Progress: 10.1% Step: 1010000, Average Reward: 2.76, Time Since Last Log: 0:00:47.778276
06-07 19:41:13: Progress: 10.2% Step: 1020000, Average Reward: 2.789, Time Since Last Log: 0:00:13.446551
06-07 19:41:26: Progress: 10.3% Step: 1030000, Average Reward: 2.824, Time Since Last Log: 0:00:13.580074
06-07 19:41:40: Progress: 10.4% Step: 1040000, Average Reward: 2.854, Time Since Last Log: 0:00:13.347334
06-07 19:41:53: Progress: 10.5% Step: 1050000, Average Reward: 2.89, Time Since Last Log: 0:00:13.291272
06-07 19:42:07: Progress: 10.6% Step: 1060000, Average Reward: 2.919, Time Since Last Log: 0:00:13.537742
06-07 19:42:20: Progress: 10.7% Step: 1070000, Average Reward: 2.95, Time Since Last Log: 0:00:13.484927
06-07 19:42:34: Progress: 10.8% Step: 1080000, Average Reward: 2.984, Time Since Last Log: 0:00:13.903168
06-07 19:42:48: Progress: 10.9% Step: 1090000, Average Reward: 3.018, Time Since Last Log: 0:00:13.953283
06-07 19:43:01: Progress: 11.0% Step: 1100000, Average Reward: 3.051, Time Since Last Log: 0:00:13.505566
06-07 19:43:15: Progress: 11.1% Step: 1110000, Average Reward: 3.078, Time Since Last Log: 0:00:13.323767
06-07 19:43:28: Progress: 11.2% Step: 1120000, Average Reward: 3.111, Time Since Last Log: 0:00:13.611660
06-07 19:43:42: Progress: 11.3% Step: 1130000, Average Reward: 3.158, Time Since Last Log: 0:00:13.516278
06-07 19:43:55: Progress: 11.4% Step: 1140000, Average Reward: 3.188, Time Since Last Log: 0:00:13.403334
06-07 19:44:09: Progress: 11.5% Step: 1150000, Average Reward: 3.217, Time Since Last Log: 0:00:13.517870
06-07 19:44:11: Step: 1151472 Env #5: New best return at episode #290 -> 52.0!!
06-07 19:44:22: Progress: 11.6% Step: 1160000, Average Reward: 3.25, Time Since Last Log: 0:00:13.389323
06-07 19:44:36: Progress: 11.7% Step: 1170000, Average Reward: 3.282, Time Since Last Log: 0:00:13.466816
06-07 19:44:49: Progress: 11.8% Step: 1180000, Average Reward: 3.308, Time Since Last Log: 0:00:13.460068
06-07 19:45:03: Progress: 11.9% Step: 1190000, Average Reward: 3.341, Time Since Last Log: 0:00:13.614279
06-07 19:45:16: Progress: 12.0% Step: 1200000, Average Reward: 3.378, Time Since Last Log: 0:00:13.491620
06-07 19:45:22: Step: 1204288 Env #15: New best return at episode #323 -> 67.0!!
06-07 19:45:30: Progress: 12.1% Step: 1210000, Average Reward: 3.416, Time Since Last Log: 0:00:13.938703
06-07 19:45:43: Progress: 12.2% Step: 1220000, Average Reward: 3.443, Time Since Last Log: 0:00:13.327111
06-07 19:45:57: Progress: 12.3% Step: 1230000, Average Reward: 3.464, Time Since Last Log: 0:00:13.316159
06-07 19:46:10: Progress: 12.4% Step: 1240000, Average Reward: 3.499, Time Since Last Log: 0:00:13.495692
06-07 19:46:24: Progress: 12.5% Step: 1250000, Average Reward: 3.53, Time Since Last Log: 0:00:13.328583
06-07 19:46:37: Progress: 12.6% Step: 1260000, Average Reward: 3.563, Time Since Last Log: 0:00:13.289525
06-07 19:46:50: Progress: 12.7% Step: 1270000, Average Reward: 3.598, Time Since Last Log: 0:00:13.436458
06-07 19:47:04: Progress: 12.8% Step: 1280000, Average Reward: 3.657, Time Since Last Log: 0:00:13.485864
06-07 19:47:17: Progress: 12.9% Step: 1290000, Average Reward: 3.696, Time Since Last Log: 0:00:13.489772
06-07 19:47:31: Progress: 13.0% Step: 1300000, Average Reward: 3.728, Time Since Last Log: 0:00:13.806028
06-07 19:47:44: Progress: 13.1% Step: 1310000, Average Reward: 3.754, Time Since Last Log: 0:00:13.400814
06-07 19:47:58: Progress: 13.2% Step: 1320000, Average Reward: 3.781, Time Since Last Log: 0:00:13.502601
06-07 19:48:11: Progress: 13.3% Step: 1330000, Average Reward: 3.811, Time Since Last Log: 0:00:13.442894
06-07 19:48:23: Step: 1338384 Env #14: New best return at episode #313 -> 72.0!!
06-07 19:48:25: Progress: 13.4% Step: 1340000, Average Reward: 3.847, Time Since Last Log: 0:00:13.434391
06-07 19:48:38: Step: 1349568 Env #6: New best return at episode #308 -> 79.0!!
06-07 19:48:38: Progress: 13.5% Step: 1350000, Average Reward: 3.883, Time Since Last Log: 0:00:13.595197
06-07 19:48:52: Progress: 13.6% Step: 1360000, Average Reward: 3.912, Time Since Last Log: 0:00:13.602694
06-07 19:49:06: Progress: 13.7% Step: 1370000, Average Reward: 3.957, Time Since Last Log: 0:00:13.470094
06-07 19:49:19: Progress: 13.8% Step: 1380000, Average Reward: 3.986, Time Since Last Log: 0:00:13.612973
06-07 19:49:33: Progress: 13.9% Step: 1390000, Average Reward: 4.019, Time Since Last Log: 0:00:13.545854
06-07 19:49:46: Progress: 14.0% Step: 1400000, Average Reward: 4.057, Time Since Last Log: 0:00:13.430931
06-07 19:50:00: Progress: 14.1% Step: 1410000, Average Reward: 4.096, Time Since Last Log: 0:00:13.500950
06-07 19:50:13: Progress: 14.2% Step: 1420000, Average Reward: 4.133, Time Since Last Log: 0:00:13.269143
06-07 19:50:26: Progress: 14.3% Step: 1430000, Average Reward: 4.158, Time Since Last Log: 0:00:13.238922
06-07 19:50:36: Step: 1437680 Env #1: New best return at episode #321 -> 98.0!!
06-07 19:50:39: Progress: 14.4% Step: 1440000, Average Reward: 4.195, Time Since Last Log: 0:00:13.353900
06-07 19:50:53: Progress: 14.5% Step: 1450000, Average Reward: 4.22, Time Since Last Log: 0:00:13.235601
06-07 19:51:06: Progress: 14.6% Step: 1460000, Average Reward: 4.256, Time Since Last Log: 0:00:13.247715
06-07 19:51:19: Progress: 14.7% Step: 1470000, Average Reward: 4.302, Time Since Last Log: 0:00:13.374980
06-07 19:51:33: Progress: 14.8% Step: 1480000, Average Reward: 4.328, Time Since Last Log: 0:00:13.203093
06-07 19:51:46: Progress: 14.9% Step: 1490000, Average Reward: 4.352, Time Since Last Log: 0:00:13.182397
06-07 19:51:46: Step: 1490240 Env #11: New best return at episode #332 -> 103.0!!
06-07 19:51:59: Progress: 15.0% Step: 1500000, Average Reward: 4.392, Time Since Last Log: 0:00:13.240413
06-07 19:52:13: Progress: 15.1% Step: 1510000, Average Reward: 4.44, Time Since Last Log: 0:00:13.601273
06-07 19:52:26: Progress: 15.2% Step: 1520000, Average Reward: 4.467, Time Since Last Log: 0:00:13.234698
06-07 19:52:39: Progress: 15.3% Step: 1530000, Average Reward: 4.519, Time Since Last Log: 0:00:13.301021
06-07 19:52:52: Progress: 15.4% Step: 1540000, Average Reward: 4.557, Time Since Last Log: 0:00:13.349754
06-07 19:53:06: Progress: 15.5% Step: 1550000, Average Reward: 4.596, Time Since Last Log: 0:00:13.223418
06-07 19:53:19: Progress: 15.6% Step: 1560000, Average Reward: 4.625, Time Since Last Log: 0:00:13.207044
06-07 19:53:32: Progress: 15.7% Step: 1570000, Average Reward: 4.654, Time Since Last Log: 0:00:13.341574
06-07 19:53:45: Progress: 15.8% Step: 1580000, Average Reward: 4.699, Time Since Last Log: 0:00:13.247255
06-07 19:53:59: Progress: 15.9% Step: 1590000, Average Reward: 4.732, Time Since Last Log: 0:00:13.195019
06-07 19:54:12: Progress: 16.0% Step: 1600000, Average Reward: 4.762, Time Since Last Log: 0:00:13.281019
06-07 19:54:25: Progress: 16.1% Step: 1610000, Average Reward: 4.8, Time Since Last Log: 0:00:13.473285
06-07 19:54:39: Progress: 16.2% Step: 1620000, Average Reward: 4.85, Time Since Last Log: 0:00:13.319593
06-07 19:54:52: Progress: 16.3% Step: 1630000, Average Reward: 4.896, Time Since Last Log: 0:00:13.433355
06-07 19:55:05: Progress: 16.4% Step: 1640000, Average Reward: 4.931, Time Since Last Log: 0:00:13.261151
06-07 19:55:19: Progress: 16.5% Step: 1650000, Average Reward: 4.969, Time Since Last Log: 0:00:13.388577
06-07 19:55:32: Progress: 16.6% Step: 1660000, Average Reward: 5.009, Time Since Last Log: 0:00:13.517784
06-07 19:55:36: Step: 1663104 Env #3: New best return at episode #331 -> 245.0!!
06-07 19:55:46: Progress: 16.7% Step: 1670000, Average Reward: 5.049, Time Since Last Log: 0:00:13.414386
06-07 19:55:59: Progress: 16.8% Step: 1680000, Average Reward: 5.082, Time Since Last Log: 0:00:13.416080
06-07 19:56:13: Progress: 16.9% Step: 1690000, Average Reward: 5.12, Time Since Last Log: 0:00:13.391242
06-07 19:56:24: Progress: 17.0% Step: 1700000, Average Reward: 5.153, Time Since Last Log: 0:00:11.222801
06-07 19:56:35: Progress: 17.1% Step: 1710000, Average Reward: 5.193, Time Since Last Log: 0:00:11.122641
06-07 19:56:47: Progress: 17.2% Step: 1720000, Average Reward: 5.24, Time Since Last Log: 0:00:12.028795
06-07 19:57:00: Progress: 17.3% Step: 1730000, Average Reward: 5.27, Time Since Last Log: 0:00:12.584956
06-07 19:57:12: Progress: 17.4% Step: 1740000, Average Reward: 5.308, Time Since Last Log: 0:00:12.543992
06-07 19:57:25: Progress: 17.5% Step: 1750000, Average Reward: 5.353, Time Since Last Log: 0:00:12.557850
06-07 19:57:37: Progress: 17.6% Step: 1760000, Average Reward: 5.403, Time Since Last Log: 0:00:12.555453
06-07 19:57:50: Progress: 17.7% Step: 1770000, Average Reward: 5.443, Time Since Last Log: 0:00:12.479772
06-07 19:58:02: Progress: 17.8% Step: 1780000, Average Reward: 5.479, Time Since Last Log: 0:00:12.587685
06-07 19:58:07: Step: 1784256 Env #8: New best return at episode #346 -> 293.0!!
06-07 19:58:15: Progress: 17.9% Step: 1790000, Average Reward: 5.526, Time Since Last Log: 0:00:12.606474
06-07 19:58:27: Progress: 18.0% Step: 1800000, Average Reward: 5.581, Time Since Last Log: 0:00:12.499884
06-07 19:58:40: Progress: 18.1% Step: 1810000, Average Reward: 5.619, Time Since Last Log: 0:00:12.673430
06-07 19:58:53: Progress: 18.2% Step: 1820000, Average Reward: 5.664, Time Since Last Log: 0:00:12.726122
06-07 19:59:05: Progress: 18.3% Step: 1830000, Average Reward: 5.713, Time Since Last Log: 0:00:12.456662
06-07 19:59:17: Progress: 18.4% Step: 1840000, Average Reward: 5.765, Time Since Last Log: 0:00:12.241496
06-07 19:59:30: Progress: 18.5% Step: 1850000, Average Reward: 5.798, Time Since Last Log: 0:00:12.219534
06-07 19:59:42: Progress: 18.6% Step: 1860000, Average Reward: 5.86, Time Since Last Log: 0:00:12.565528
06-07 19:59:55: Progress: 18.7% Step: 1870000, Average Reward: 5.913, Time Since Last Log: 0:00:12.397134
06-07 20:00:07: Progress: 18.8% Step: 1880000, Average Reward: 5.942, Time Since Last Log: 0:00:12.527402
06-07 20:00:20: Progress: 18.9% Step: 1890000, Average Reward: 5.991, Time Since Last Log: 0:00:12.375153
06-07 20:00:32: Progress: 19.0% Step: 1900000, Average Reward: 6.04, Time Since Last Log: 0:00:12.570705
06-07 20:00:45: Progress: 19.1% Step: 1910000, Average Reward: 6.085, Time Since Last Log: 0:00:12.464299
06-07 20:00:57: Progress: 19.2% Step: 1920000, Average Reward: 6.129, Time Since Last Log: 0:00:12.364482
06-07 20:01:09: Progress: 19.3% Step: 1930000, Average Reward: 6.171, Time Since Last Log: 0:00:12.538262
06-07 20:01:22: Progress: 19.4% Step: 1940000, Average Reward: 6.219, Time Since Last Log: 0:00:12.403660
06-07 20:01:35: Progress: 19.5% Step: 1950000, Average Reward: 6.27, Time Since Last Log: 0:00:12.691668
06-07 20:01:47: Progress: 19.6% Step: 1960000, Average Reward: 6.312, Time Since Last Log: 0:00:12.728183
06-07 20:02:00: Progress: 19.7% Step: 1970000, Average Reward: 6.362, Time Since Last Log: 0:00:12.629901
06-07 20:02:12: Progress: 19.8% Step: 1980000, Average Reward: 6.409, Time Since Last Log: 0:00:12.528166
06-07 20:02:25: Progress: 19.9% Step: 1990000, Average Reward: 6.447, Time Since Last Log: 0:00:12.580891
06-07 20:02:37: Progress: 20.0% Step: 2000000, Average Reward: 6.493, Time Since Last Log: 0:00:12.312657
06-07 20:03:14: Test Results over 10 episodes: 
Average Reward: 63.900 
Max Reward: 118.0 
Min Reward: 31.0 
Standard Deviation: 23.175
06-07 20:03:28: Progress: 20.1% Step: 2010000, Average Reward: 6.532, Time Since Last Log: 0:00:51.003170
06-07 20:03:41: Progress: 20.2% Step: 2020000, Average Reward: 6.596, Time Since Last Log: 0:00:12.523930
06-07 20:03:53: Progress: 20.3% Step: 2030000, Average Reward: 6.66, Time Since Last Log: 0:00:12.327592
06-07 20:04:05: Progress: 20.4% Step: 2040000, Average Reward: 6.692, Time Since Last Log: 0:00:12.213607
06-07 20:04:18: Progress: 20.5% Step: 2050000, Average Reward: 6.735, Time Since Last Log: 0:00:12.336024
06-07 20:04:30: Progress: 20.6% Step: 2060000, Average Reward: 6.786, Time Since Last Log: 0:00:12.339257
06-07 20:04:42: Progress: 20.7% Step: 2070000, Average Reward: 6.835, Time Since Last Log: 0:00:12.195800
06-07 20:04:55: Progress: 20.8% Step: 2080000, Average Reward: 6.885, Time Since Last Log: 0:00:12.228629
06-07 20:05:07: Progress: 20.9% Step: 2090000, Average Reward: 6.935, Time Since Last Log: 0:00:12.476443
06-07 20:05:19: Progress: 21.0% Step: 2100000, Average Reward: 6.952, Time Since Last Log: 0:00:12.086710
06-07 20:05:31: Progress: 21.1% Step: 2110000, Average Reward: 7.015, Time Since Last Log: 0:00:12.150221
06-07 20:05:43: Progress: 21.2% Step: 2120000, Average Reward: 7.044, Time Since Last Log: 0:00:12.182706
06-07 20:05:56: Progress: 21.3% Step: 2130000, Average Reward: 7.108, Time Since Last Log: 0:00:12.306230
06-07 20:06:08: Progress: 21.4% Step: 2140000, Average Reward: 7.155, Time Since Last Log: 0:00:12.517810
06-07 20:06:21: Progress: 21.5% Step: 2150000, Average Reward: 7.212, Time Since Last Log: 0:00:12.541660
06-07 20:06:24: Step: 2152624 Env #5: New best return at episode #352 -> 326.0!!
06-07 20:06:33: Progress: 21.6% Step: 2160000, Average Reward: 7.26, Time Since Last Log: 0:00:12.128521
06-07 20:06:45: Progress: 21.7% Step: 2170000, Average Reward: 7.325, Time Since Last Log: 0:00:12.363094
06-07 20:06:58: Progress: 21.8% Step: 2180000, Average Reward: 7.373, Time Since Last Log: 0:00:12.639207
06-07 20:07:01: Step: 2182912 Env #5: New best return at episode #353 -> 361.0!!
06-07 20:07:10: Progress: 21.9% Step: 2190000, Average Reward: 7.412, Time Since Last Log: 0:00:12.519779
06-07 20:07:23: Progress: 22.0% Step: 2200000, Average Reward: 7.466, Time Since Last Log: 0:00:12.275312
06-07 20:07:35: Progress: 22.1% Step: 2210000, Average Reward: 7.517, Time Since Last Log: 0:00:12.285287
06-07 20:07:47: Progress: 22.2% Step: 2220000, Average Reward: 7.566, Time Since Last Log: 0:00:12.436652
06-07 20:08:00: Progress: 22.3% Step: 2230000, Average Reward: 7.621, Time Since Last Log: 0:00:12.236172
06-07 20:08:12: Progress: 22.4% Step: 2240000, Average Reward: 7.659, Time Since Last Log: 0:00:12.174714
06-07 20:08:24: Progress: 22.5% Step: 2250000, Average Reward: 7.737, Time Since Last Log: 0:00:12.431038
06-07 20:08:37: Progress: 22.6% Step: 2260000, Average Reward: 7.782, Time Since Last Log: 0:00:12.340504
06-07 20:08:49: Progress: 22.7% Step: 2270000, Average Reward: 7.84, Time Since Last Log: 0:00:12.266798
06-07 20:09:01: Progress: 22.8% Step: 2280000, Average Reward: 7.891, Time Since Last Log: 0:00:12.214807
06-07 20:09:13: Progress: 22.9% Step: 2290000, Average Reward: 7.944, Time Since Last Log: 0:00:12.346286
06-07 20:09:26: Progress: 23.0% Step: 2300000, Average Reward: 8.009, Time Since Last Log: 0:00:12.272280
06-07 20:09:38: Progress: 23.1% Step: 2310000, Average Reward: 8.055, Time Since Last Log: 0:00:12.458253
06-07 20:09:51: Progress: 23.2% Step: 2320000, Average Reward: 8.123, Time Since Last Log: 0:00:12.493545
06-07 20:10:03: Progress: 23.3% Step: 2330000, Average Reward: 8.175, Time Since Last Log: 0:00:12.269490
06-07 20:10:15: Progress: 23.4% Step: 2340000, Average Reward: 8.218, Time Since Last Log: 0:00:12.414911
06-07 20:10:28: Progress: 23.5% Step: 2350000, Average Reward: 8.278, Time Since Last Log: 0:00:12.299576
06-07 20:10:40: Progress: 23.6% Step: 2360000, Average Reward: 8.321, Time Since Last Log: 0:00:12.404017
06-07 20:10:52: Progress: 23.7% Step: 2370000, Average Reward: 8.383, Time Since Last Log: 0:00:12.296245
06-07 20:11:05: Progress: 23.8% Step: 2380000, Average Reward: 8.44, Time Since Last Log: 0:00:12.331882
06-07 20:11:17: Progress: 23.9% Step: 2390000, Average Reward: 8.509, Time Since Last Log: 0:00:12.310270
06-07 20:11:29: Progress: 24.0% Step: 2400000, Average Reward: 8.568, Time Since Last Log: 0:00:12.234610
06-07 20:11:41: Progress: 24.1% Step: 2410000, Average Reward: 8.631, Time Since Last Log: 0:00:12.091532
06-07 20:11:54: Progress: 24.2% Step: 2420000, Average Reward: 8.702, Time Since Last Log: 0:00:12.235259
06-07 20:12:06: Progress: 24.3% Step: 2430000, Average Reward: 8.751, Time Since Last Log: 0:00:12.185561
06-07 20:12:17: Progress: 24.4% Step: 2440000, Average Reward: 8.811, Time Since Last Log: 0:00:11.765530
06-07 20:12:30: Progress: 24.5% Step: 2450000, Average Reward: 8.855, Time Since Last Log: 0:00:12.284111
06-07 20:12:42: Progress: 24.6% Step: 2460000, Average Reward: 8.923, Time Since Last Log: 0:00:12.245157
06-07 20:12:54: Progress: 24.7% Step: 2470000, Average Reward: 8.976, Time Since Last Log: 0:00:12.371721
06-07 20:13:07: Progress: 24.8% Step: 2480000, Average Reward: 9.044, Time Since Last Log: 0:00:12.528018
06-07 20:13:19: Progress: 24.9% Step: 2490000, Average Reward: 9.093, Time Since Last Log: 0:00:12.402420
06-07 20:13:32: Progress: 25.0% Step: 2500000, Average Reward: 9.137, Time Since Last Log: 0:00:12.243364
06-07 20:13:44: Progress: 25.1% Step: 2510000, Average Reward: 9.2, Time Since Last Log: 0:00:12.136847
06-07 20:13:56: Progress: 25.2% Step: 2520000, Average Reward: 9.256, Time Since Last Log: 0:00:12.517578
06-07 20:14:08: Progress: 25.3% Step: 2530000, Average Reward: 9.327, Time Since Last Log: 0:00:12.170460
06-07 20:14:21: Progress: 25.4% Step: 2540000, Average Reward: 9.385, Time Since Last Log: 0:00:12.303197
06-07 20:14:33: Progress: 25.5% Step: 2550000, Average Reward: 9.439, Time Since Last Log: 0:00:12.324940
06-07 20:14:45: Progress: 25.6% Step: 2560000, Average Reward: 9.52, Time Since Last Log: 0:00:12.398886
06-07 20:14:58: Progress: 25.7% Step: 2570000, Average Reward: 9.567, Time Since Last Log: 0:00:12.401688
06-07 20:15:10: Progress: 25.8% Step: 2580000, Average Reward: 9.633, Time Since Last Log: 0:00:12.121603
06-07 20:15:22: Progress: 25.9% Step: 2590000, Average Reward: 9.715, Time Since Last Log: 0:00:12.394131
06-07 20:15:34: Progress: 26.0% Step: 2600000, Average Reward: 9.733, Time Since Last Log: 0:00:12.082039
06-07 20:15:35: Step: 2600832 Env #10: New best return at episode #384 -> 374.0!!
06-07 20:15:47: Progress: 26.1% Step: 2610000, Average Reward: 9.833, Time Since Last Log: 0:00:12.414160
06-07 20:15:59: Progress: 26.2% Step: 2620000, Average Reward: 9.891, Time Since Last Log: 0:00:12.410845
06-07 20:16:11: Progress: 26.3% Step: 2630000, Average Reward: 9.935, Time Since Last Log: 0:00:12.227501
06-07 20:16:24: Progress: 26.4% Step: 2640000, Average Reward: 9.995, Time Since Last Log: 0:00:12.254665
06-07 20:16:36: Progress: 26.5% Step: 2650000, Average Reward: 10.045, Time Since Last Log: 0:00:12.483700
06-07 20:16:48: Progress: 26.6% Step: 2660000, Average Reward: 10.127, Time Since Last Log: 0:00:11.870305
06-07 20:17:00: Progress: 26.7% Step: 2670000, Average Reward: 10.192, Time Since Last Log: 0:00:12.402594
06-07 20:17:13: Progress: 26.8% Step: 2680000, Average Reward: 10.264, Time Since Last Log: 0:00:12.571484
06-07 20:17:26: Progress: 26.9% Step: 2690000, Average Reward: 10.318, Time Since Last Log: 0:00:12.451967
06-07 20:17:38: Progress: 27.0% Step: 2700000, Average Reward: 10.398, Time Since Last Log: 0:00:12.621059
06-07 20:17:51: Progress: 27.1% Step: 2710000, Average Reward: 10.45, Time Since Last Log: 0:00:12.596075
06-07 20:18:03: Progress: 27.2% Step: 2720000, Average Reward: 10.541, Time Since Last Log: 0:00:12.734434
06-07 20:18:16: Progress: 27.3% Step: 2730000, Average Reward: 10.622, Time Since Last Log: 0:00:12.365283
06-07 20:18:28: Progress: 27.4% Step: 2740000, Average Reward: 10.656, Time Since Last Log: 0:00:12.348463
06-07 20:18:40: Progress: 27.5% Step: 2750000, Average Reward: 10.734, Time Since Last Log: 0:00:12.051876
06-07 20:18:52: Progress: 27.6% Step: 2760000, Average Reward: 10.806, Time Since Last Log: 0:00:12.163666
06-07 20:19:05: Progress: 27.7% Step: 2770000, Average Reward: 10.89, Time Since Last Log: 0:00:12.184224
06-07 20:19:17: Progress: 27.8% Step: 2780000, Average Reward: 10.937, Time Since Last Log: 0:00:12.071371
06-07 20:19:29: Progress: 27.9% Step: 2790000, Average Reward: 10.987, Time Since Last Log: 0:00:12.099290
06-07 20:19:41: Progress: 28.0% Step: 2800000, Average Reward: 11.098, Time Since Last Log: 0:00:12.194068
06-07 20:19:53: Progress: 28.1% Step: 2810000, Average Reward: 11.146, Time Since Last Log: 0:00:12.146646
06-07 20:20:06: Progress: 28.2% Step: 2820000, Average Reward: 11.224, Time Since Last Log: 0:00:12.510544
06-07 20:20:18: Progress: 28.3% Step: 2830000, Average Reward: 11.302, Time Since Last Log: 0:00:12.381046
06-07 20:20:30: Progress: 28.4% Step: 2840000, Average Reward: 11.38, Time Since Last Log: 0:00:12.246071
06-07 20:20:42: Progress: 28.5% Step: 2850000, Average Reward: 11.44, Time Since Last Log: 0:00:12.173116
06-07 20:20:54: Progress: 28.6% Step: 2860000, Average Reward: 11.539, Time Since Last Log: 0:00:12.007329
06-07 20:21:06: Progress: 28.7% Step: 2870000, Average Reward: 11.608, Time Since Last Log: 0:00:11.878152
06-07 20:21:18: Progress: 28.8% Step: 2880000, Average Reward: 11.666, Time Since Last Log: 0:00:12.157185
06-07 20:21:30: Progress: 28.9% Step: 2890000, Average Reward: 11.76, Time Since Last Log: 0:00:12.032725
06-07 20:21:42: Progress: 29.0% Step: 2900000, Average Reward: 11.832, Time Since Last Log: 0:00:11.987213
06-07 20:21:54: Progress: 29.1% Step: 2910000, Average Reward: 11.883, Time Since Last Log: 0:00:11.947265
06-07 20:22:07: Progress: 29.2% Step: 2920000, Average Reward: 11.996, Time Since Last Log: 0:00:12.629238
06-07 20:22:19: Progress: 29.3% Step: 2930000, Average Reward: 12.048, Time Since Last Log: 0:00:12.178221
06-07 20:22:32: Progress: 29.4% Step: 2940000, Average Reward: 12.11, Time Since Last Log: 0:00:12.582226
06-07 20:22:44: Progress: 29.5% Step: 2950000, Average Reward: 12.205, Time Since Last Log: 0:00:12.197155
06-07 20:22:56: Progress: 29.6% Step: 2960000, Average Reward: 12.289, Time Since Last Log: 0:00:12.155012
06-07 20:23:08: Progress: 29.7% Step: 2970000, Average Reward: 12.349, Time Since Last Log: 0:00:12.316319
06-07 20:23:21: Progress: 29.8% Step: 2980000, Average Reward: 12.464, Time Since Last Log: 0:00:12.160082
06-07 20:23:33: Progress: 29.9% Step: 2990000, Average Reward: 12.534, Time Since Last Log: 0:00:12.303632
06-07 20:23:45: Progress: 30.0% Step: 3000000, Average Reward: 12.591, Time Since Last Log: 0:00:12.406963
06-07 20:24:45: Test Results over 10 episodes: 
Average Reward: 159.000 
Max Reward: 293.0 
Min Reward: 78.0 
Standard Deviation: 63.388
06-07 20:25:00: Progress: 30.1% Step: 3010000, Average Reward: 12.704, Time Since Last Log: 0:01:14.491063
06-07 20:25:12: Progress: 30.2% Step: 3020000, Average Reward: 12.79, Time Since Last Log: 0:00:12.564627
06-07 20:25:25: Progress: 30.3% Step: 3030000, Average Reward: 12.835, Time Since Last Log: 0:00:12.400431
06-07 20:25:37: Progress: 30.4% Step: 3040000, Average Reward: 12.91, Time Since Last Log: 0:00:12.367257
06-07 20:25:50: Progress: 30.5% Step: 3050000, Average Reward: 12.993, Time Since Last Log: 0:00:12.611421
06-07 20:26:02: Progress: 30.6% Step: 3060000, Average Reward: 13.076, Time Since Last Log: 0:00:12.468722
06-07 20:26:15: Progress: 30.7% Step: 3070000, Average Reward: 13.137, Time Since Last Log: 0:00:12.323054
06-07 20:26:15: Step: 3070720 Env #8: New best return at episode #411 -> 385.0!!
06-07 20:26:27: Progress: 30.8% Step: 3080000, Average Reward: 13.206, Time Since Last Log: 0:00:12.207963
06-07 20:26:39: Progress: 30.9% Step: 3090000, Average Reward: 13.25, Time Since Last Log: 0:00:12.399964
06-07 20:26:52: Progress: 31.0% Step: 3100000, Average Reward: 13.357, Time Since Last Log: 0:00:12.450284
06-07 20:27:04: Progress: 31.1% Step: 3110000, Average Reward: 13.439, Time Since Last Log: 0:00:12.448674
06-07 20:27:17: Progress: 31.2% Step: 3120000, Average Reward: 13.548, Time Since Last Log: 0:00:12.521686
06-07 20:27:29: Progress: 31.3% Step: 3130000, Average Reward: 13.609, Time Since Last Log: 0:00:12.448400
06-07 20:27:41: Progress: 31.4% Step: 3140000, Average Reward: 13.715, Time Since Last Log: 0:00:12.087670
06-07 20:27:53: Progress: 31.5% Step: 3150000, Average Reward: 13.787, Time Since Last Log: 0:00:11.929805
06-07 20:28:05: Progress: 31.6% Step: 3160000, Average Reward: 13.849, Time Since Last Log: 0:00:12.168785
06-07 20:28:17: Progress: 31.7% Step: 3170000, Average Reward: 13.937, Time Since Last Log: 0:00:12.127358
06-07 20:28:30: Progress: 31.8% Step: 3180000, Average Reward: 14.033, Time Since Last Log: 0:00:12.227282
06-07 20:28:42: Progress: 31.9% Step: 3190000, Average Reward: 14.086, Time Since Last Log: 0:00:12.147530
06-07 20:28:54: Progress: 32.0% Step: 3200000, Average Reward: 14.201, Time Since Last Log: 0:00:12.017984
06-07 20:29:06: Progress: 32.1% Step: 3210000, Average Reward: 14.248, Time Since Last Log: 0:00:12.376905
06-07 20:29:19: Progress: 32.2% Step: 3220000, Average Reward: 14.37, Time Since Last Log: 0:00:12.419465
06-07 20:29:31: Progress: 32.3% Step: 3230000, Average Reward: 14.406, Time Since Last Log: 0:00:12.539726
06-07 20:29:38: Step: 3235888 Env #13: New best return at episode #437 -> 395.0!!
06-07 20:29:43: Progress: 32.4% Step: 3240000, Average Reward: 14.48, Time Since Last Log: 0:00:12.001529
06-07 20:29:55: Progress: 32.5% Step: 3250000, Average Reward: 14.565, Time Since Last Log: 0:00:12.119879
06-07 20:30:05: Step: 3257904 Env #11: New best return at episode #420 -> 402.0!!
06-07 20:30:07: Progress: 32.6% Step: 3260000, Average Reward: 14.668, Time Since Last Log: 0:00:11.985325
06-07 20:30:20: Progress: 32.7% Step: 3270000, Average Reward: 14.747, Time Since Last Log: 0:00:12.412122
06-07 20:30:32: Progress: 32.8% Step: 3280000, Average Reward: 14.854, Time Since Last Log: 0:00:12.037696
06-07 20:30:44: Progress: 32.9% Step: 3290000, Average Reward: 14.921, Time Since Last Log: 0:00:12.004320
06-07 20:30:56: Progress: 33.0% Step: 3300000, Average Reward: 15.005, Time Since Last Log: 0:00:12.117980
06-07 20:31:08: Progress: 33.1% Step: 3310000, Average Reward: 15.096, Time Since Last Log: 0:00:12.335937
06-07 20:31:20: Progress: 33.2% Step: 3320000, Average Reward: 15.209, Time Since Last Log: 0:00:12.364116
06-07 20:31:33: Progress: 33.3% Step: 3330000, Average Reward: 15.275, Time Since Last Log: 0:00:12.699765
06-07 20:31:45: Progress: 33.4% Step: 3340000, Average Reward: 15.399, Time Since Last Log: 0:00:12.095826
06-07 20:31:57: Progress: 33.5% Step: 3350000, Average Reward: 15.445, Time Since Last Log: 0:00:12.132580
06-07 20:32:10: Progress: 33.6% Step: 3360000, Average Reward: 15.553, Time Since Last Log: 0:00:12.150249
06-07 20:32:22: Progress: 33.7% Step: 3370000, Average Reward: 15.685, Time Since Last Log: 0:00:12.114880
06-07 20:32:34: Progress: 33.8% Step: 3380000, Average Reward: 15.766, Time Since Last Log: 0:00:11.883837
06-07 20:32:45: Progress: 33.9% Step: 3390000, Average Reward: 15.866, Time Since Last Log: 0:00:11.724383
06-07 20:32:57: Progress: 34.0% Step: 3400000, Average Reward: 15.966, Time Since Last Log: 0:00:11.795393
06-07 20:33:09: Progress: 34.1% Step: 3410000, Average Reward: 16.076, Time Since Last Log: 0:00:12.008035
06-07 20:33:21: Progress: 34.2% Step: 3420000, Average Reward: 16.152, Time Since Last Log: 0:00:12.171987
06-07 20:33:33: Progress: 34.3% Step: 3430000, Average Reward: 16.25, Time Since Last Log: 0:00:12.029430
06-07 20:33:46: Progress: 34.4% Step: 3440000, Average Reward: 16.371, Time Since Last Log: 0:00:12.540945
06-07 20:33:58: Progress: 34.5% Step: 3450000, Average Reward: 16.44, Time Since Last Log: 0:00:12.068795
06-07 20:34:10: Progress: 34.6% Step: 3460000, Average Reward: 16.541, Time Since Last Log: 0:00:12.228218
06-07 20:34:22: Progress: 34.7% Step: 3470000, Average Reward: 16.65, Time Since Last Log: 0:00:12.080183
06-07 20:34:34: Progress: 34.8% Step: 3480000, Average Reward: 16.692, Time Since Last Log: 0:00:12.082410
06-07 20:34:47: Progress: 34.9% Step: 3490000, Average Reward: 16.851, Time Since Last Log: 0:00:12.246263
06-07 20:34:59: Progress: 35.0% Step: 3500000, Average Reward: 16.932, Time Since Last Log: 0:00:12.025211
06-07 20:35:11: Progress: 35.1% Step: 3510000, Average Reward: 17.051, Time Since Last Log: 0:00:12.337861
06-07 20:35:23: Progress: 35.2% Step: 3520000, Average Reward: 17.125, Time Since Last Log: 0:00:12.284251
06-07 20:35:35: Progress: 35.3% Step: 3530000, Average Reward: 17.216, Time Since Last Log: 0:00:12.143214
06-07 20:35:48: Progress: 35.4% Step: 3540000, Average Reward: 17.32, Time Since Last Log: 0:00:12.270330
06-07 20:36:00: Progress: 35.5% Step: 3550000, Average Reward: 17.411, Time Since Last Log: 0:00:12.195071
06-07 20:36:12: Progress: 35.6% Step: 3560000, Average Reward: 17.52, Time Since Last Log: 0:00:12.162154
06-07 20:36:24: Progress: 35.7% Step: 3570000, Average Reward: 17.628, Time Since Last Log: 0:00:12.025772
06-07 20:36:36: Progress: 35.8% Step: 3580000, Average Reward: 17.715, Time Since Last Log: 0:00:12.115025
06-07 20:36:48: Progress: 35.9% Step: 3590000, Average Reward: 17.831, Time Since Last Log: 0:00:12.409316
06-07 20:37:01: Progress: 36.0% Step: 3600000, Average Reward: 17.936, Time Since Last Log: 0:00:12.227560
06-07 20:37:13: Progress: 36.1% Step: 3610000, Average Reward: 18.032, Time Since Last Log: 0:00:12.403837
06-07 20:37:25: Progress: 36.2% Step: 3620000, Average Reward: 18.128, Time Since Last Log: 0:00:12.267863
06-07 20:37:37: Progress: 36.3% Step: 3630000, Average Reward: 18.19, Time Since Last Log: 0:00:12.087245
06-07 20:37:50: Progress: 36.4% Step: 3640000, Average Reward: 18.337, Time Since Last Log: 0:00:12.113867
06-07 20:38:02: Progress: 36.5% Step: 3650000, Average Reward: 18.416, Time Since Last Log: 0:00:12.162201
06-07 20:38:14: Progress: 36.6% Step: 3660000, Average Reward: 18.479, Time Since Last Log: 0:00:12.359872
06-07 20:38:26: Progress: 36.7% Step: 3670000, Average Reward: 18.627, Time Since Last Log: 0:00:12.308903
06-07 20:38:39: Progress: 36.8% Step: 3680000, Average Reward: 18.677, Time Since Last Log: 0:00:12.106350
06-07 20:38:51: Progress: 36.9% Step: 3690000, Average Reward: 18.825, Time Since Last Log: 0:00:12.209162
06-07 20:39:03: Progress: 37.0% Step: 3700000, Average Reward: 18.925, Time Since Last Log: 0:00:12.073710
06-07 20:39:15: Progress: 37.1% Step: 3710000, Average Reward: 18.976, Time Since Last Log: 0:00:12.117573
06-07 20:39:27: Progress: 37.2% Step: 3720000, Average Reward: 19.112, Time Since Last Log: 0:00:12.343067
06-07 20:39:39: Progress: 37.3% Step: 3730000, Average Reward: 19.193, Time Since Last Log: 0:00:12.108291
06-07 20:39:52: Progress: 37.4% Step: 3740000, Average Reward: 19.28, Time Since Last Log: 0:00:12.168827
06-07 20:40:04: Progress: 37.5% Step: 3750000, Average Reward: 19.434, Time Since Last Log: 0:00:12.062056
06-07 20:40:04: Step: 3750112 Env #14: New best return at episode #441 -> 408.0!!
06-07 20:40:16: Progress: 37.6% Step: 3760000, Average Reward: 19.518, Time Since Last Log: 0:00:12.185996
06-07 20:40:28: Progress: 37.7% Step: 3770000, Average Reward: 19.604, Time Since Last Log: 0:00:12.411823
06-07 20:40:40: Progress: 37.8% Step: 3780000, Average Reward: 19.743, Time Since Last Log: 0:00:12.110813
06-07 20:40:52: Progress: 37.9% Step: 3790000, Average Reward: 19.826, Time Since Last Log: 0:00:12.088827
06-07 20:41:04: Progress: 38.0% Step: 3800000, Average Reward: 19.93, Time Since Last Log: 0:00:11.868561
06-07 20:41:17: Progress: 38.1% Step: 3810000, Average Reward: 20.087, Time Since Last Log: 0:00:12.318899
06-07 20:41:29: Progress: 38.2% Step: 3820000, Average Reward: 20.174, Time Since Last Log: 0:00:12.035456
06-07 20:41:41: Progress: 38.3% Step: 3830000, Average Reward: 20.333, Time Since Last Log: 0:00:11.929023
06-07 20:41:53: Progress: 38.4% Step: 3840000, Average Reward: 20.444, Time Since Last Log: 0:00:12.389566
06-07 20:42:05: Progress: 38.5% Step: 3850000, Average Reward: 20.516, Time Since Last Log: 0:00:12.018067
06-07 20:42:17: Progress: 38.6% Step: 3860000, Average Reward: 20.661, Time Since Last Log: 0:00:12.209177
06-07 20:42:20: Step: 3862048 Env #9: New best return at episode #446 -> 409.0!!
06-07 20:42:29: Progress: 38.7% Step: 3870000, Average Reward: 20.766, Time Since Last Log: 0:00:12.216313
06-07 20:42:42: Progress: 38.8% Step: 3880000, Average Reward: 20.892, Time Since Last Log: 0:00:12.393606
06-07 20:42:54: Progress: 38.9% Step: 3890000, Average Reward: 20.927, Time Since Last Log: 0:00:12.101782
06-07 20:43:06: Progress: 39.0% Step: 3900000, Average Reward: 21.057, Time Since Last Log: 0:00:12.303237
06-07 20:43:19: Progress: 39.1% Step: 3910000, Average Reward: 21.218, Time Since Last Log: 0:00:12.383357
06-07 20:43:31: Progress: 39.2% Step: 3920000, Average Reward: 21.297, Time Since Last Log: 0:00:12.071210
06-07 20:43:36: Step: 3924608 Env #9: New best return at episode #448 -> 410.0!!
06-07 20:43:43: Progress: 39.3% Step: 3930000, Average Reward: 21.388, Time Since Last Log: 0:00:11.929715
06-07 20:43:54: Progress: 39.4% Step: 3940000, Average Reward: 21.52, Time Since Last Log: 0:00:11.782341
06-07 20:44:07: Progress: 39.5% Step: 3950000, Average Reward: 21.596, Time Since Last Log: 0:00:12.331184
06-07 20:44:19: Progress: 39.6% Step: 3960000, Average Reward: 21.744, Time Since Last Log: 0:00:12.146860
06-07 20:44:31: Progress: 39.7% Step: 3970000, Average Reward: 21.897, Time Since Last Log: 0:00:12.003675
06-07 20:44:43: Progress: 39.8% Step: 3980000, Average Reward: 21.933, Time Since Last Log: 0:00:12.077751
06-07 20:44:55: Progress: 39.9% Step: 3990000, Average Reward: 22.084, Time Since Last Log: 0:00:12.283792
06-07 20:45:07: Progress: 40.0% Step: 4000000, Average Reward: 22.204, Time Since Last Log: 0:00:12.198087
06-07 20:46:06: Test Results over 10 episodes: 
Average Reward: 268.900 
Max Reward: 390.0 
Min Reward: 94.0 
Standard Deviation: 111.588
06-07 20:46:20: Progress: 40.1% Step: 4010000, Average Reward: 22.317, Time Since Last Log: 0:01:12.259584
06-07 20:46:32: Progress: 40.2% Step: 4020000, Average Reward: 22.392, Time Since Last Log: 0:00:12.254087
06-07 20:46:44: Progress: 40.3% Step: 4030000, Average Reward: 22.568, Time Since Last Log: 0:00:12.341723
06-07 20:46:56: Progress: 40.4% Step: 4040000, Average Reward: 22.645, Time Since Last Log: 0:00:12.219235
06-07 20:47:09: Progress: 40.5% Step: 4050000, Average Reward: 22.8, Time Since Last Log: 0:00:12.299844
06-07 20:47:21: Progress: 40.6% Step: 4060000, Average Reward: 22.862, Time Since Last Log: 0:00:12.111723
06-07 20:47:33: Progress: 40.7% Step: 4070000, Average Reward: 23.04, Time Since Last Log: 0:00:12.108954
06-07 20:47:43: Step: 4078048 Env #5: New best return at episode #438 -> 417.0!!
06-07 20:47:45: Progress: 40.8% Step: 4080000, Average Reward: 23.139, Time Since Last Log: 0:00:12.201781
06-07 20:47:57: Progress: 40.9% Step: 4090000, Average Reward: 23.203, Time Since Last Log: 0:00:12.086187
06-07 20:48:10: Progress: 41.0% Step: 4100000, Average Reward: 23.324, Time Since Last Log: 0:00:12.329311
06-07 20:48:22: Progress: 41.1% Step: 4110000, Average Reward: 23.468, Time Since Last Log: 0:00:12.193094
06-07 20:48:25: Step: 4112624 Env #5: New best return at episode #439 -> 426.0!!
06-07 20:48:34: Progress: 41.2% Step: 4120000, Average Reward: 23.585, Time Since Last Log: 0:00:12.335586
06-07 20:48:46: Progress: 41.3% Step: 4130000, Average Reward: 23.711, Time Since Last Log: 0:00:11.935450
06-07 20:48:58: Progress: 41.4% Step: 4140000, Average Reward: 23.789, Time Since Last Log: 0:00:11.897722
06-07 20:49:10: Progress: 41.5% Step: 4150000, Average Reward: 23.933, Time Since Last Log: 0:00:12.111474
06-07 20:49:22: Progress: 41.6% Step: 4160000, Average Reward: 24.081, Time Since Last Log: 0:00:12.232856
06-07 20:49:34: Progress: 41.7% Step: 4170000, Average Reward: 24.145, Time Since Last Log: 0:00:11.853630
06-07 20:49:46: Progress: 41.8% Step: 4180000, Average Reward: 24.351, Time Since Last Log: 0:00:11.965325
06-07 20:49:58: Progress: 41.9% Step: 4190000, Average Reward: 24.456, Time Since Last Log: 0:00:11.964744
06-07 20:50:10: Progress: 42.0% Step: 4200000, Average Reward: 24.558, Time Since Last Log: 0:00:11.894043
06-07 20:50:22: Progress: 42.1% Step: 4210000, Average Reward: 24.75, Time Since Last Log: 0:00:12.062993
06-07 20:50:34: Progress: 42.2% Step: 4220000, Average Reward: 24.854, Time Since Last Log: 0:00:11.952479
06-07 20:50:46: Progress: 42.3% Step: 4230000, Average Reward: 24.897, Time Since Last Log: 0:00:12.191536
06-07 20:50:58: Progress: 42.4% Step: 4240000, Average Reward: 25.07, Time Since Last Log: 0:00:11.993454
06-07 20:51:10: Progress: 42.5% Step: 4250000, Average Reward: 25.154, Time Since Last Log: 0:00:12.234848
06-07 20:51:23: Progress: 42.6% Step: 4260000, Average Reward: 25.267, Time Since Last Log: 0:00:12.151803
06-07 20:51:35: Progress: 42.7% Step: 4270000, Average Reward: 25.395, Time Since Last Log: 0:00:12.063946
06-07 20:51:38: Step: 4272672 Env #13: New best return at episode #476 -> 689.0!!
06-07 20:51:47: Progress: 42.8% Step: 4280000, Average Reward: 25.526, Time Since Last Log: 0:00:11.913929
06-07 20:51:58: Progress: 42.9% Step: 4290000, Average Reward: 25.704, Time Since Last Log: 0:00:11.923808
06-07 20:52:11: Progress: 43.0% Step: 4300000, Average Reward: 25.81, Time Since Last Log: 0:00:12.137447
06-07 20:52:23: Progress: 43.1% Step: 4310000, Average Reward: 25.92, Time Since Last Log: 0:00:12.058153
06-07 20:52:35: Progress: 43.2% Step: 4320000, Average Reward: 26.075, Time Since Last Log: 0:00:12.066013
06-07 20:52:47: Progress: 43.3% Step: 4330000, Average Reward: 26.207, Time Since Last Log: 0:00:12.081563
06-07 20:52:59: Progress: 43.4% Step: 4340000, Average Reward: 26.345, Time Since Last Log: 0:00:12.137342
06-07 20:53:11: Progress: 43.5% Step: 4350000, Average Reward: 26.429, Time Since Last Log: 0:00:12.312685
06-07 20:53:23: Progress: 43.6% Step: 4360000, Average Reward: 26.56, Time Since Last Log: 0:00:12.185953
06-07 20:53:35: Progress: 43.7% Step: 4370000, Average Reward: 26.703, Time Since Last Log: 0:00:11.880470
06-07 20:53:47: Progress: 43.8% Step: 4380000, Average Reward: 26.79, Time Since Last Log: 0:00:11.812539
06-07 20:53:59: Progress: 43.9% Step: 4390000, Average Reward: 27.015, Time Since Last Log: 0:00:11.910052
06-07 20:54:11: Progress: 44.0% Step: 4400000, Average Reward: 27.06, Time Since Last Log: 0:00:11.983170
06-07 20:54:23: Progress: 44.1% Step: 4410000, Average Reward: 27.22, Time Since Last Log: 0:00:11.857146
06-07 20:54:35: Progress: 44.2% Step: 4420000, Average Reward: 27.381, Time Since Last Log: 0:00:11.841732
06-07 20:54:47: Progress: 44.3% Step: 4430000, Average Reward: 27.522, Time Since Last Log: 0:00:12.125615
06-07 20:54:58: Progress: 44.4% Step: 4440000, Average Reward: 27.612, Time Since Last Log: 0:00:11.592779
06-07 20:55:10: Progress: 44.5% Step: 4450000, Average Reward: 27.745, Time Since Last Log: 0:00:12.001717
06-07 20:55:23: Progress: 44.6% Step: 4460000, Average Reward: 27.913, Time Since Last Log: 0:00:12.231593
06-07 20:55:35: Progress: 44.7% Step: 4470000, Average Reward: 27.982, Time Since Last Log: 0:00:12.082953
06-07 20:55:47: Progress: 44.8% Step: 4480000, Average Reward: 28.167, Time Since Last Log: 0:00:12.044868
06-07 20:55:59: Progress: 44.9% Step: 4490000, Average Reward: 28.306, Time Since Last Log: 0:00:11.999759
06-07 20:56:11: Progress: 45.0% Step: 4500000, Average Reward: 28.491, Time Since Last Log: 0:00:12.127264
06-07 20:56:23: Progress: 45.1% Step: 4510000, Average Reward: 28.63, Time Since Last Log: 0:00:11.894164
06-07 20:56:35: Progress: 45.2% Step: 4520000, Average Reward: 28.679, Time Since Last Log: 0:00:11.962246
06-07 20:56:47: Progress: 45.3% Step: 4530000, Average Reward: 28.895, Time Since Last Log: 0:00:11.910085
06-07 20:56:59: Progress: 45.4% Step: 4540000, Average Reward: 28.966, Time Since Last Log: 0:00:12.020367
06-07 20:57:11: Progress: 45.5% Step: 4550000, Average Reward: 29.036, Time Since Last Log: 0:00:12.021920
06-07 20:57:23: Progress: 45.6% Step: 4560000, Average Reward: 29.349, Time Since Last Log: 0:00:11.957277
06-07 20:57:35: Progress: 45.7% Step: 4570000, Average Reward: 29.421, Time Since Last Log: 0:00:11.995318
06-07 20:57:47: Progress: 45.8% Step: 4580000, Average Reward: 29.491, Time Since Last Log: 0:00:11.967597
06-07 20:57:59: Progress: 45.9% Step: 4590000, Average Reward: 29.665, Time Since Last Log: 0:00:12.053772
06-07 20:58:11: Progress: 46.0% Step: 4600000, Average Reward: 29.811, Time Since Last Log: 0:00:12.065106
06-07 20:58:23: Progress: 46.1% Step: 4610000, Average Reward: 29.905, Time Since Last Log: 0:00:12.132811
06-07 20:58:35: Progress: 46.2% Step: 4620000, Average Reward: 30.076, Time Since Last Log: 0:00:12.000701
06-07 20:58:47: Progress: 46.3% Step: 4630000, Average Reward: 30.204, Time Since Last Log: 0:00:12.008666
06-07 20:58:59: Progress: 46.4% Step: 4640000, Average Reward: 30.298, Time Since Last Log: 0:00:11.746918
06-07 20:59:11: Progress: 46.5% Step: 4650000, Average Reward: 30.4, Time Since Last Log: 0:00:12.026809
06-07 20:59:23: Progress: 46.6% Step: 4660000, Average Reward: 30.625, Time Since Last Log: 0:00:11.971327
06-07 20:59:35: Progress: 46.7% Step: 4670000, Average Reward: 30.724, Time Since Last Log: 0:00:11.820792
06-07 20:59:46: Progress: 46.8% Step: 4680000, Average Reward: 30.874, Time Since Last Log: 0:00:11.954789
06-07 20:59:59: Progress: 46.9% Step: 4690000, Average Reward: 31.004, Time Since Last Log: 0:00:12.138570
06-07 21:00:11: Progress: 47.0% Step: 4700000, Average Reward: 31.149, Time Since Last Log: 0:00:12.096650
06-07 21:00:23: Progress: 47.1% Step: 4710000, Average Reward: 31.229, Time Since Last Log: 0:00:12.129885
06-07 21:00:35: Progress: 47.2% Step: 4720000, Average Reward: 31.429, Time Since Last Log: 0:00:11.899556
06-07 21:00:46: Progress: 47.3% Step: 4730000, Average Reward: 31.556, Time Since Last Log: 0:00:11.745004
06-07 21:00:59: Progress: 47.4% Step: 4740000, Average Reward: 31.662, Time Since Last Log: 0:00:12.175041
06-07 21:01:10: Progress: 47.5% Step: 4750000, Average Reward: 31.838, Time Since Last Log: 0:00:11.746449
06-07 21:01:22: Progress: 47.6% Step: 4760000, Average Reward: 31.963, Time Since Last Log: 0:00:12.107566
06-07 21:01:35: Progress: 47.7% Step: 4770000, Average Reward: 32.07, Time Since Last Log: 0:00:12.080883
06-07 21:01:47: Progress: 47.8% Step: 4780000, Average Reward: 32.268, Time Since Last Log: 0:00:12.022120
06-07 21:01:58: Progress: 47.9% Step: 4790000, Average Reward: 32.32, Time Since Last Log: 0:00:11.762052
06-07 21:02:11: Progress: 48.0% Step: 4800000, Average Reward: 32.533, Time Since Last Log: 0:00:12.417233
06-07 21:02:23: Progress: 48.1% Step: 4810000, Average Reward: 32.656, Time Since Last Log: 0:00:11.865078
06-07 21:02:34: Progress: 48.2% Step: 4820000, Average Reward: 32.788, Time Since Last Log: 0:00:11.513918
06-07 21:02:46: Progress: 48.3% Step: 4830000, Average Reward: 32.941, Time Since Last Log: 0:00:11.420198
06-07 21:02:57: Progress: 48.4% Step: 4840000, Average Reward: 33.071, Time Since Last Log: 0:00:11.904334
06-07 21:03:09: Progress: 48.5% Step: 4850000, Average Reward: 33.204, Time Since Last Log: 0:00:11.881502
06-07 21:03:21: Progress: 48.6% Step: 4860000, Average Reward: 33.307, Time Since Last Log: 0:00:11.822925
06-07 21:03:33: Progress: 48.7% Step: 4870000, Average Reward: 33.466, Time Since Last Log: 0:00:12.184347
06-07 21:03:45: Progress: 48.8% Step: 4880000, Average Reward: 33.652, Time Since Last Log: 0:00:11.714720
06-07 21:03:57: Progress: 48.9% Step: 4890000, Average Reward: 33.73, Time Since Last Log: 0:00:12.073090
06-07 21:04:09: Progress: 49.0% Step: 4900000, Average Reward: 33.863, Time Since Last Log: 0:00:11.817220
06-07 21:04:21: Progress: 49.1% Step: 4910000, Average Reward: 34.103, Time Since Last Log: 0:00:11.882699
06-07 21:04:33: Progress: 49.2% Step: 4920000, Average Reward: 34.182, Time Since Last Log: 0:00:12.262669
06-07 21:04:45: Progress: 49.3% Step: 4930000, Average Reward: 34.423, Time Since Last Log: 0:00:12.300472
06-07 21:04:57: Progress: 49.4% Step: 4940000, Average Reward: 34.532, Time Since Last Log: 0:00:11.836502
06-07 21:05:09: Progress: 49.5% Step: 4950000, Average Reward: 34.584, Time Since Last Log: 0:00:11.605848
06-07 21:05:21: Progress: 49.6% Step: 4960000, Average Reward: 34.77, Time Since Last Log: 0:00:11.728447
06-07 21:05:33: Progress: 49.7% Step: 4970000, Average Reward: 34.932, Time Since Last Log: 0:00:12.181136
06-07 21:05:45: Progress: 49.8% Step: 4980000, Average Reward: 35.017, Time Since Last Log: 0:00:12.001449
06-07 21:05:57: Progress: 49.9% Step: 4990000, Average Reward: 35.178, Time Since Last Log: 0:00:11.747493
06-07 21:06:08: Progress: 50.0% Step: 5000000, Average Reward: 35.285, Time Since Last Log: 0:00:11.842289
06-07 21:08:54: Test Results over 10 episodes: 
Average Reward: 318.800 
Max Reward: 435.0 
Min Reward: 166.0 
Standard Deviation: 91.407
06-07 21:09:10: Progress: 50.1% Step: 5010000, Average Reward: 35.453, Time Since Last Log: 0:03:02.121627
06-07 21:09:23: Progress: 50.2% Step: 5020000, Average Reward: 35.588, Time Since Last Log: 0:00:12.246462
06-07 21:09:35: Progress: 50.3% Step: 5030000, Average Reward: 35.75, Time Since Last Log: 0:00:12.264955
06-07 21:09:47: Progress: 50.4% Step: 5040000, Average Reward: 35.892, Time Since Last Log: 0:00:12.096008
06-07 21:09:59: Progress: 50.5% Step: 5050000, Average Reward: 35.921, Time Since Last Log: 0:00:12.056778
06-07 21:10:11: Progress: 50.6% Step: 5060000, Average Reward: 36.225, Time Since Last Log: 0:00:12.203889
06-07 21:10:24: Progress: 50.7% Step: 5070000, Average Reward: 36.306, Time Since Last Log: 0:00:12.202872
06-07 21:10:36: Progress: 50.8% Step: 5080000, Average Reward: 36.368, Time Since Last Log: 0:00:12.260699
06-07 21:10:48: Progress: 50.9% Step: 5090000, Average Reward: 36.567, Time Since Last Log: 0:00:12.116421
06-07 21:11:00: Progress: 51.0% Step: 5100000, Average Reward: 36.728, Time Since Last Log: 0:00:12.364091
06-07 21:11:12: Progress: 51.1% Step: 5110000, Average Reward: 36.842, Time Since Last Log: 0:00:12.101899
06-07 21:11:24: Progress: 51.2% Step: 5120000, Average Reward: 37.041, Time Since Last Log: 0:00:12.083750
06-07 21:11:36: Progress: 51.3% Step: 5130000, Average Reward: 37.148, Time Since Last Log: 0:00:11.970289
06-07 21:11:49: Progress: 51.4% Step: 5140000, Average Reward: 37.234, Time Since Last Log: 0:00:12.209103
06-07 21:12:01: Progress: 51.5% Step: 5150000, Average Reward: 37.348, Time Since Last Log: 0:00:11.950554
06-07 21:12:12: Progress: 51.6% Step: 5160000, Average Reward: 37.544, Time Since Last Log: 0:00:11.738252
06-07 21:12:24: Progress: 51.7% Step: 5170000, Average Reward: 37.717, Time Since Last Log: 0:00:11.839343
06-07 21:12:36: Progress: 51.8% Step: 5180000, Average Reward: 37.8, Time Since Last Log: 0:00:11.526010
06-07 21:12:48: Progress: 51.9% Step: 5190000, Average Reward: 37.997, Time Since Last Log: 0:00:12.163126
06-07 21:13:00: Progress: 52.0% Step: 5200000, Average Reward: 38.165, Time Since Last Log: 0:00:11.940166
06-07 21:13:12: Progress: 52.1% Step: 5210000, Average Reward: 38.226, Time Since Last Log: 0:00:12.111395
06-07 21:13:24: Progress: 52.2% Step: 5220000, Average Reward: 38.396, Time Since Last Log: 0:00:11.773076
06-07 21:13:36: Progress: 52.3% Step: 5230000, Average Reward: 38.599, Time Since Last Log: 0:00:12.104580
06-07 21:13:48: Progress: 52.4% Step: 5240000, Average Reward: 38.685, Time Since Last Log: 0:00:11.945108
06-07 21:13:59: Progress: 52.5% Step: 5250000, Average Reward: 38.801, Time Since Last Log: 0:00:11.729012
06-07 21:14:12: Progress: 52.6% Step: 5260000, Average Reward: 38.943, Time Since Last Log: 0:00:12.214751
06-07 21:14:24: Progress: 52.7% Step: 5270000, Average Reward: 39.123, Time Since Last Log: 0:00:11.859762
06-07 21:14:35: Progress: 52.8% Step: 5280000, Average Reward: 39.267, Time Since Last Log: 0:00:11.715811
06-07 21:14:47: Progress: 52.9% Step: 5290000, Average Reward: 39.378, Time Since Last Log: 0:00:11.708397
06-07 21:14:59: Progress: 53.0% Step: 5300000, Average Reward: 39.497, Time Since Last Log: 0:00:11.614125
06-07 21:15:11: Progress: 53.1% Step: 5310000, Average Reward: 39.675, Time Since Last Log: 0:00:12.168026
06-07 21:15:22: Progress: 53.2% Step: 5320000, Average Reward: 39.793, Time Since Last Log: 0:00:11.527175
06-07 21:15:34: Progress: 53.3% Step: 5330000, Average Reward: 39.909, Time Since Last Log: 0:00:12.043182
06-07 21:15:46: Progress: 53.4% Step: 5340000, Average Reward: 40.0, Time Since Last Log: 0:00:12.076958
06-07 21:15:58: Progress: 53.5% Step: 5350000, Average Reward: 40.267, Time Since Last Log: 0:00:11.950362
06-07 21:16:10: Progress: 53.6% Step: 5360000, Average Reward: 40.351, Time Since Last Log: 0:00:12.118061
06-07 21:16:22: Progress: 53.7% Step: 5370000, Average Reward: 40.476, Time Since Last Log: 0:00:11.921707
06-07 21:16:34: Progress: 53.8% Step: 5380000, Average Reward: 40.598, Time Since Last Log: 0:00:11.661848
06-07 21:16:46: Progress: 53.9% Step: 5390000, Average Reward: 40.799, Time Since Last Log: 0:00:11.893361
06-07 21:16:58: Progress: 54.0% Step: 5400000, Average Reward: 40.955, Time Since Last Log: 0:00:12.087497
06-07 21:17:10: Progress: 54.1% Step: 5410000, Average Reward: 41.076, Time Since Last Log: 0:00:12.124203
06-07 21:17:22: Progress: 54.2% Step: 5420000, Average Reward: 41.285, Time Since Last Log: 0:00:12.157133
06-07 21:17:34: Progress: 54.3% Step: 5430000, Average Reward: 41.464, Time Since Last Log: 0:00:11.814904
06-07 21:17:46: Progress: 54.4% Step: 5440000, Average Reward: 41.526, Time Since Last Log: 0:00:12.003436
06-07 21:17:58: Progress: 54.5% Step: 5450000, Average Reward: 41.675, Time Since Last Log: 0:00:12.009092
06-07 21:18:10: Progress: 54.6% Step: 5460000, Average Reward: 41.92, Time Since Last Log: 0:00:11.740475
06-07 21:18:22: Progress: 54.7% Step: 5470000, Average Reward: 42.04, Time Since Last Log: 0:00:11.919903
06-07 21:18:33: Progress: 54.8% Step: 5480000, Average Reward: 42.134, Time Since Last Log: 0:00:11.662797
06-07 21:18:45: Progress: 54.9% Step: 5490000, Average Reward: 42.319, Time Since Last Log: 0:00:11.559306
06-07 21:18:57: Progress: 55.0% Step: 5500000, Average Reward: 42.499, Time Since Last Log: 0:00:11.877444
06-07 21:19:09: Progress: 55.1% Step: 5510000, Average Reward: 42.691, Time Since Last Log: 0:00:11.829275
06-07 21:19:21: Progress: 55.2% Step: 5520000, Average Reward: 42.719, Time Since Last Log: 0:00:11.803525
06-07 21:19:32: Progress: 55.3% Step: 5530000, Average Reward: 42.839, Time Since Last Log: 0:00:11.794363
06-07 21:19:44: Progress: 55.4% Step: 5540000, Average Reward: 43.082, Time Since Last Log: 0:00:11.765355
06-07 21:19:56: Progress: 55.5% Step: 5550000, Average Reward: 43.245, Time Since Last Log: 0:00:11.728425
06-07 21:20:08: Progress: 55.6% Step: 5560000, Average Reward: 43.333, Time Since Last Log: 0:00:11.866740
06-07 21:20:20: Progress: 55.7% Step: 5570000, Average Reward: 43.58, Time Since Last Log: 0:00:12.021196
06-07 21:20:32: Progress: 55.8% Step: 5580000, Average Reward: 43.737, Time Since Last Log: 0:00:11.994371
06-07 21:20:44: Progress: 55.9% Step: 5590000, Average Reward: 43.892, Time Since Last Log: 0:00:11.932196
06-07 21:20:56: Progress: 56.0% Step: 5600000, Average Reward: 44.02, Time Since Last Log: 0:00:11.890299
06-07 21:21:07: Progress: 56.1% Step: 5610000, Average Reward: 44.294, Time Since Last Log: 0:00:11.936346
06-07 21:21:20: Progress: 56.2% Step: 5620000, Average Reward: 44.385, Time Since Last Log: 0:00:12.086008
06-07 21:21:32: Progress: 56.3% Step: 5630000, Average Reward: 44.541, Time Since Last Log: 0:00:12.160349
06-07 21:21:44: Progress: 56.4% Step: 5640000, Average Reward: 44.822, Time Since Last Log: 0:00:11.821751
06-07 21:21:56: Progress: 56.5% Step: 5650000, Average Reward: 44.917, Time Since Last Log: 0:00:11.958119
06-07 21:22:07: Progress: 56.6% Step: 5660000, Average Reward: 44.984, Time Since Last Log: 0:00:11.666303
06-07 21:22:19: Progress: 56.7% Step: 5670000, Average Reward: 45.231, Time Since Last Log: 0:00:11.983286
06-07 21:22:31: Progress: 56.8% Step: 5680000, Average Reward: 45.355, Time Since Last Log: 0:00:11.813058
06-07 21:22:43: Progress: 56.9% Step: 5690000, Average Reward: 45.482, Time Since Last Log: 0:00:12.192700
06-07 21:22:55: Progress: 57.0% Step: 5700000, Average Reward: 45.645, Time Since Last Log: 0:00:12.010812
06-07 21:23:07: Progress: 57.1% Step: 5710000, Average Reward: 45.799, Time Since Last Log: 0:00:11.957780
06-07 21:23:19: Progress: 57.2% Step: 5720000, Average Reward: 46.044, Time Since Last Log: 0:00:11.966687
06-07 21:23:31: Progress: 57.3% Step: 5730000, Average Reward: 46.211, Time Since Last Log: 0:00:12.025116
06-07 21:23:43: Progress: 57.4% Step: 5740000, Average Reward: 46.364, Time Since Last Log: 0:00:12.006494
06-07 21:23:55: Progress: 57.5% Step: 5750000, Average Reward: 46.466, Time Since Last Log: 0:00:11.912460
06-07 21:24:07: Progress: 57.6% Step: 5760000, Average Reward: 46.722, Time Since Last Log: 0:00:11.725800
06-07 21:24:19: Progress: 57.7% Step: 5770000, Average Reward: 46.845, Time Since Last Log: 0:00:11.953303
06-07 21:24:31: Progress: 57.8% Step: 5780000, Average Reward: 47.04, Time Since Last Log: 0:00:12.061708
06-07 21:24:43: Progress: 57.9% Step: 5790000, Average Reward: 47.297, Time Since Last Log: 0:00:12.139853
06-07 21:24:55: Progress: 58.0% Step: 5800000, Average Reward: 47.46, Time Since Last Log: 0:00:11.710977
06-07 21:25:07: Progress: 58.1% Step: 5810000, Average Reward: 47.519, Time Since Last Log: 0:00:12.041584
06-07 21:25:19: Progress: 58.2% Step: 5820000, Average Reward: 47.684, Time Since Last Log: 0:00:11.937133
06-07 21:25:31: Progress: 58.3% Step: 5830000, Average Reward: 47.872, Time Since Last Log: 0:00:11.977968
06-07 21:25:43: Progress: 58.4% Step: 5840000, Average Reward: 48.093, Time Since Last Log: 0:00:12.081309
06-07 21:25:54: Progress: 58.5% Step: 5850000, Average Reward: 48.222, Time Since Last Log: 0:00:11.724018
06-07 21:26:07: Progress: 58.6% Step: 5860000, Average Reward: 48.414, Time Since Last Log: 0:00:12.139022
06-07 21:26:10: Step: 5862592 Env #0: New best return at episode #483 -> 695.0!!
06-07 21:26:18: Progress: 58.7% Step: 5870000, Average Reward: 48.516, Time Since Last Log: 0:00:11.813905
06-07 21:26:30: Progress: 58.8% Step: 5880000, Average Reward: 48.74, Time Since Last Log: 0:00:12.154252
06-07 21:26:42: Progress: 58.9% Step: 5890000, Average Reward: 48.803, Time Since Last Log: 0:00:11.896354
06-07 21:26:54: Progress: 59.0% Step: 5900000, Average Reward: 48.968, Time Since Last Log: 0:00:11.925111
06-07 21:27:06: Progress: 59.1% Step: 5910000, Average Reward: 49.129, Time Since Last Log: 0:00:11.868572
06-07 21:27:18: Progress: 59.2% Step: 5920000, Average Reward: 49.257, Time Since Last Log: 0:00:11.751900
06-07 21:27:30: Progress: 59.3% Step: 5930000, Average Reward: 49.422, Time Since Last Log: 0:00:11.838657
06-07 21:27:42: Progress: 59.4% Step: 5940000, Average Reward: 49.617, Time Since Last Log: 0:00:11.798232
06-07 21:27:54: Progress: 59.5% Step: 5950000, Average Reward: 49.716, Time Since Last Log: 0:00:12.187528
06-07 21:28:05: Progress: 59.6% Step: 5960000, Average Reward: 49.939, Time Since Last Log: 0:00:11.619675
06-07 21:28:17: Progress: 59.7% Step: 5970000, Average Reward: 50.14, Time Since Last Log: 0:00:11.882083
06-07 21:28:29: Progress: 59.8% Step: 5980000, Average Reward: 50.367, Time Since Last Log: 0:00:11.981206
06-07 21:28:41: Progress: 59.9% Step: 5990000, Average Reward: 50.464, Time Since Last Log: 0:00:11.807484
06-07 21:28:53: Progress: 60.0% Step: 6000000, Average Reward: 50.629, Time Since Last Log: 0:00:12.057362
06-07 21:30:15: Test Results over 10 episodes: 
Average Reward: 388.800 
Max Reward: 428.0 
Min Reward: 340.0 
Standard Deviation: 29.465
06-07 21:30:31: Progress: 60.1% Step: 6010000, Average Reward: 50.819, Time Since Last Log: 0:01:37.430439
06-07 21:30:42: Progress: 60.2% Step: 6020000, Average Reward: 50.952, Time Since Last Log: 0:00:11.941950
06-07 21:30:54: Progress: 60.3% Step: 6030000, Average Reward: 51.017, Time Since Last Log: 0:00:11.915670
06-07 21:31:06: Progress: 60.4% Step: 6040000, Average Reward: 51.244, Time Since Last Log: 0:00:12.024676
06-07 21:31:19: Progress: 60.5% Step: 6050000, Average Reward: 51.379, Time Since Last Log: 0:00:12.106553
06-07 21:31:30: Progress: 60.6% Step: 6060000, Average Reward: 51.445, Time Since Last Log: 0:00:11.912329
06-07 21:31:42: Progress: 60.7% Step: 6070000, Average Reward: 51.573, Time Since Last Log: 0:00:11.805096
06-07 21:31:54: Progress: 60.8% Step: 6080000, Average Reward: 51.738, Time Since Last Log: 0:00:12.057223
06-07 21:32:06: Progress: 60.9% Step: 6090000, Average Reward: 51.906, Time Since Last Log: 0:00:11.785530
06-07 21:32:18: Progress: 61.0% Step: 6100000, Average Reward: 52.032, Time Since Last Log: 0:00:11.886043
06-07 21:32:30: Progress: 61.1% Step: 6110000, Average Reward: 52.194, Time Since Last Log: 0:00:11.937952
06-07 21:32:42: Progress: 61.2% Step: 6120000, Average Reward: 52.393, Time Since Last Log: 0:00:12.066926
06-07 21:32:54: Progress: 61.3% Step: 6130000, Average Reward: 52.525, Time Since Last Log: 0:00:12.074522
06-07 21:33:06: Progress: 61.4% Step: 6140000, Average Reward: 52.654, Time Since Last Log: 0:00:11.939817
06-07 21:33:18: Progress: 61.5% Step: 6150000, Average Reward: 52.88, Time Since Last Log: 0:00:12.139822
06-07 21:33:30: Progress: 61.6% Step: 6160000, Average Reward: 53.05, Time Since Last Log: 0:00:12.103568
06-07 21:33:42: Progress: 61.7% Step: 6170000, Average Reward: 53.181, Time Since Last Log: 0:00:11.698585
06-07 21:33:54: Progress: 61.8% Step: 6180000, Average Reward: 53.416, Time Since Last Log: 0:00:12.058739
06-07 21:34:06: Progress: 61.9% Step: 6190000, Average Reward: 53.548, Time Since Last Log: 0:00:11.776720
06-07 21:34:18: Progress: 62.0% Step: 6200000, Average Reward: 53.648, Time Since Last Log: 0:00:11.982403
06-07 21:34:30: Progress: 62.1% Step: 6210000, Average Reward: 53.743, Time Since Last Log: 0:00:11.781111
06-07 21:34:42: Progress: 62.2% Step: 6220000, Average Reward: 54.045, Time Since Last Log: 0:00:12.067191
06-07 21:34:54: Progress: 62.3% Step: 6230000, Average Reward: 54.181, Time Since Last Log: 0:00:12.108362
06-07 21:35:06: Progress: 62.4% Step: 6240000, Average Reward: 54.407, Time Since Last Log: 0:00:11.799657
06-07 21:35:18: Progress: 62.5% Step: 6250000, Average Reward: 54.569, Time Since Last Log: 0:00:12.089174
06-07 21:35:30: Progress: 62.6% Step: 6260000, Average Reward: 54.711, Time Since Last Log: 0:00:11.906183
06-07 21:35:41: Progress: 62.7% Step: 6270000, Average Reward: 54.776, Time Since Last Log: 0:00:11.604630
06-07 21:35:53: Progress: 62.8% Step: 6280000, Average Reward: 55.005, Time Since Last Log: 0:00:11.889476
06-07 21:36:05: Progress: 62.9% Step: 6290000, Average Reward: 55.142, Time Since Last Log: 0:00:12.007837
06-07 21:36:17: Progress: 63.0% Step: 6300000, Average Reward: 55.378, Time Since Last Log: 0:00:11.928036
06-07 21:36:29: Progress: 63.1% Step: 6310000, Average Reward: 55.478, Time Since Last Log: 0:00:11.978895
06-07 21:36:41: Progress: 63.2% Step: 6320000, Average Reward: 55.582, Time Since Last Log: 0:00:11.875379
06-07 21:36:53: Progress: 63.3% Step: 6330000, Average Reward: 55.781, Time Since Last Log: 0:00:12.009932
06-07 21:37:05: Progress: 63.4% Step: 6340000, Average Reward: 55.915, Time Since Last Log: 0:00:11.953322
06-07 21:37:17: Progress: 63.5% Step: 6350000, Average Reward: 55.983, Time Since Last Log: 0:00:11.976771
06-07 21:37:29: Progress: 63.6% Step: 6360000, Average Reward: 56.252, Time Since Last Log: 0:00:11.956892
06-07 21:37:41: Progress: 63.7% Step: 6370000, Average Reward: 56.422, Time Since Last Log: 0:00:12.079793
06-07 21:37:53: Progress: 63.8% Step: 6380000, Average Reward: 56.522, Time Since Last Log: 0:00:12.050509
06-07 21:38:05: Progress: 63.9% Step: 6390000, Average Reward: 56.619, Time Since Last Log: 0:00:12.065710
06-07 21:38:17: Progress: 64.0% Step: 6400000, Average Reward: 56.897, Time Since Last Log: 0:00:11.844665
06-07 21:38:29: Progress: 64.1% Step: 6410000, Average Reward: 56.965, Time Since Last Log: 0:00:12.067907
06-07 21:38:41: Progress: 64.2% Step: 6420000, Average Reward: 57.132, Time Since Last Log: 0:00:12.192526
06-07 21:38:53: Progress: 64.3% Step: 6430000, Average Reward: 57.304, Time Since Last Log: 0:00:11.673983
06-07 21:39:05: Progress: 64.4% Step: 6440000, Average Reward: 57.571, Time Since Last Log: 0:00:11.953124
06-07 21:39:17: Progress: 64.5% Step: 6450000, Average Reward: 57.606, Time Since Last Log: 0:00:12.359894
06-07 21:39:29: Progress: 64.6% Step: 6460000, Average Reward: 57.812, Time Since Last Log: 0:00:12.302259
06-07 21:39:42: Progress: 64.7% Step: 6470000, Average Reward: 57.98, Time Since Last Log: 0:00:12.333191
06-07 21:39:54: Progress: 64.8% Step: 6480000, Average Reward: 58.151, Time Since Last Log: 0:00:12.080709
06-07 21:40:06: Progress: 64.9% Step: 6490000, Average Reward: 58.22, Time Since Last Log: 0:00:11.861132
06-07 21:40:18: Progress: 65.0% Step: 6500000, Average Reward: 58.49, Time Since Last Log: 0:00:11.989889
06-07 21:40:29: Progress: 65.1% Step: 6510000, Average Reward: 58.663, Time Since Last Log: 0:00:11.746797
06-07 21:40:41: Progress: 65.2% Step: 6520000, Average Reward: 58.832, Time Since Last Log: 0:00:11.849587
06-07 21:40:54: Progress: 65.3% Step: 6530000, Average Reward: 59.102, Time Since Last Log: 0:00:12.408147
06-07 21:41:05: Progress: 65.4% Step: 6540000, Average Reward: 59.307, Time Since Last Log: 0:00:11.878928
06-07 21:41:17: Progress: 65.5% Step: 6550000, Average Reward: 59.374, Time Since Last Log: 0:00:11.813161
06-07 21:41:29: Progress: 65.6% Step: 6560000, Average Reward: 59.509, Time Since Last Log: 0:00:12.104039
06-07 21:41:41: Progress: 65.7% Step: 6570000, Average Reward: 59.715, Time Since Last Log: 0:00:12.105513
06-07 21:41:54: Progress: 65.8% Step: 6580000, Average Reward: 59.786, Time Since Last Log: 0:00:12.174039
06-07 21:42:06: Progress: 65.9% Step: 6590000, Average Reward: 59.953, Time Since Last Log: 0:00:11.884593
06-07 21:42:18: Progress: 66.0% Step: 6600000, Average Reward: 60.198, Time Since Last Log: 0:00:12.111377
06-07 21:42:30: Progress: 66.1% Step: 6610000, Average Reward: 60.303, Time Since Last Log: 0:00:12.035327
06-07 21:42:42: Progress: 66.2% Step: 6620000, Average Reward: 60.47, Time Since Last Log: 0:00:11.851223
06-07 21:42:54: Progress: 66.3% Step: 6630000, Average Reward: 60.54, Time Since Last Log: 0:00:12.113351
06-07 21:42:57: Step: 6632624 Env #11: New best return at episode #538 -> 751.0!!
06-07 21:43:06: Progress: 66.4% Step: 6640000, Average Reward: 60.676, Time Since Last Log: 0:00:12.025438
06-07 21:43:17: Progress: 66.5% Step: 6650000, Average Reward: 60.881, Time Since Last Log: 0:00:11.801759
06-07 21:43:29: Progress: 66.6% Step: 6660000, Average Reward: 61.016, Time Since Last Log: 0:00:11.712870
06-07 21:43:41: Progress: 66.7% Step: 6670000, Average Reward: 61.117, Time Since Last Log: 0:00:11.749632
06-07 21:43:53: Progress: 66.8% Step: 6680000, Average Reward: 61.293, Time Since Last Log: 0:00:11.990008
06-07 21:44:05: Progress: 66.9% Step: 6690000, Average Reward: 61.528, Time Since Last Log: 0:00:12.037656
06-07 21:44:17: Progress: 67.0% Step: 6700000, Average Reward: 61.669, Time Since Last Log: 0:00:12.168896
06-07 21:44:29: Progress: 67.1% Step: 6710000, Average Reward: 61.736, Time Since Last Log: 0:00:11.856208
06-07 21:44:41: Progress: 67.2% Step: 6720000, Average Reward: 61.871, Time Since Last Log: 0:00:11.698392
06-07 21:44:53: Progress: 67.3% Step: 6730000, Average Reward: 62.144, Time Since Last Log: 0:00:11.853130
06-07 21:45:05: Progress: 67.4% Step: 6740000, Average Reward: 62.287, Time Since Last Log: 0:00:12.190850
06-07 21:45:17: Progress: 67.5% Step: 6750000, Average Reward: 62.287, Time Since Last Log: 0:00:11.957420
06-07 21:45:29: Progress: 67.6% Step: 6760000, Average Reward: 62.628, Time Since Last Log: 0:00:11.865693
06-07 21:45:40: Progress: 67.7% Step: 6770000, Average Reward: 62.806, Time Since Last Log: 0:00:11.942251
06-07 21:45:52: Progress: 67.8% Step: 6780000, Average Reward: 62.907, Time Since Last Log: 0:00:11.891784
06-07 21:46:05: Progress: 67.9% Step: 6790000, Average Reward: 63.076, Time Since Last Log: 0:00:12.209984
06-07 21:46:17: Progress: 68.0% Step: 6800000, Average Reward: 63.214, Time Since Last Log: 0:00:12.000050
06-07 21:46:28: Progress: 68.1% Step: 6810000, Average Reward: 63.421, Time Since Last Log: 0:00:11.764625
06-07 21:46:40: Progress: 68.2% Step: 6820000, Average Reward: 63.492, Time Since Last Log: 0:00:11.978672
06-07 21:46:53: Progress: 68.3% Step: 6830000, Average Reward: 63.697, Time Since Last Log: 0:00:12.220697
06-07 21:47:04: Progress: 68.4% Step: 6840000, Average Reward: 63.804, Time Since Last Log: 0:00:11.738474
06-07 21:47:16: Progress: 68.5% Step: 6850000, Average Reward: 63.946, Time Since Last Log: 0:00:11.882343
06-07 21:47:28: Progress: 68.6% Step: 6860000, Average Reward: 64.087, Time Since Last Log: 0:00:11.952985
06-07 21:47:40: Progress: 68.7% Step: 6870000, Average Reward: 64.288, Time Since Last Log: 0:00:11.703302
06-07 21:47:52: Progress: 68.8% Step: 6880000, Average Reward: 64.359, Time Since Last Log: 0:00:11.815746
06-07 21:48:03: Progress: 68.9% Step: 6890000, Average Reward: 64.534, Time Since Last Log: 0:00:11.778072
06-07 21:48:15: Progress: 69.0% Step: 6900000, Average Reward: 64.636, Time Since Last Log: 0:00:11.809991
06-07 21:48:27: Progress: 69.1% Step: 6910000, Average Reward: 64.846, Time Since Last Log: 0:00:11.756470
06-07 21:48:39: Progress: 69.2% Step: 6920000, Average Reward: 64.947, Time Since Last Log: 0:00:12.011000
06-07 21:48:51: Progress: 69.3% Step: 6930000, Average Reward: 65.048, Time Since Last Log: 0:00:11.717812
06-07 21:49:03: Progress: 69.4% Step: 6940000, Average Reward: 65.261, Time Since Last Log: 0:00:12.022108
06-07 21:49:15: Progress: 69.5% Step: 6950000, Average Reward: 65.33, Time Since Last Log: 0:00:12.080540
06-07 21:49:27: Progress: 69.6% Step: 6960000, Average Reward: 65.437, Time Since Last Log: 0:00:12.031270
06-07 21:49:39: Progress: 69.7% Step: 6970000, Average Reward: 65.672, Time Since Last Log: 0:00:11.833524
06-07 21:49:51: Progress: 69.8% Step: 6980000, Average Reward: 65.779, Time Since Last Log: 0:00:11.920210
06-07 21:50:02: Progress: 69.9% Step: 6990000, Average Reward: 65.92, Time Since Last Log: 0:00:11.854327
06-07 21:50:14: Progress: 70.0% Step: 7000000, Average Reward: 66.198, Time Since Last Log: 0:00:12.023456
06-07 21:51:31: Test Results over 10 episodes: 
Average Reward: 367.000 
Max Reward: 415.0 
Min Reward: 299.0 
Standard Deviation: 33.045
06-07 21:51:47: Progress: 70.1% Step: 7010000, Average Reward: 66.401, Time Since Last Log: 0:01:33.001223
06-07 21:52:00: Progress: 70.2% Step: 7020000, Average Reward: 66.468, Time Since Last Log: 0:00:12.384429
06-07 21:52:12: Progress: 70.3% Step: 7030000, Average Reward: 66.614, Time Since Last Log: 0:00:12.468036
06-07 21:52:25: Progress: 70.4% Step: 7040000, Average Reward: 66.857, Time Since Last Log: 0:00:12.277089
06-07 21:52:37: Progress: 70.5% Step: 7050000, Average Reward: 66.924, Time Since Last Log: 0:00:12.458012
06-07 21:52:49: Progress: 70.6% Step: 7060000, Average Reward: 67.13, Time Since Last Log: 0:00:12.382971
06-07 21:53:02: Progress: 70.7% Step: 7070000, Average Reward: 67.376, Time Since Last Log: 0:00:12.164770
06-07 21:53:14: Progress: 70.8% Step: 7080000, Average Reward: 67.547, Time Since Last Log: 0:00:12.340904
06-07 21:53:26: Progress: 70.9% Step: 7090000, Average Reward: 67.581, Time Since Last Log: 0:00:12.232301
06-07 21:53:38: Progress: 71.0% Step: 7100000, Average Reward: 67.755, Time Since Last Log: 0:00:12.143115
06-07 21:53:50: Progress: 71.1% Step: 7110000, Average Reward: 68.068, Time Since Last Log: 0:00:12.033834
06-07 21:54:02: Progress: 71.2% Step: 7120000, Average Reward: 68.171, Time Since Last Log: 0:00:11.934521
06-07 21:54:14: Progress: 71.3% Step: 7130000, Average Reward: 68.171, Time Since Last Log: 0:00:11.834772
06-07 21:54:26: Progress: 71.4% Step: 7140000, Average Reward: 68.48, Time Since Last Log: 0:00:11.950436
06-07 21:54:38: Progress: 71.5% Step: 7150000, Average Reward: 68.69, Time Since Last Log: 0:00:11.743992
06-07 21:54:49: Progress: 71.6% Step: 7160000, Average Reward: 68.762, Time Since Last Log: 0:00:11.641095
06-07 21:55:01: Progress: 71.7% Step: 7170000, Average Reward: 68.899, Time Since Last Log: 0:00:11.931353
06-07 21:55:13: Progress: 71.8% Step: 7180000, Average Reward: 69.072, Time Since Last Log: 0:00:12.004587
06-07 21:55:26: Progress: 71.9% Step: 7190000, Average Reward: 69.248, Time Since Last Log: 0:00:12.191969
06-07 21:55:38: Progress: 72.0% Step: 7200000, Average Reward: 69.248, Time Since Last Log: 0:00:12.152501
06-07 21:55:50: Progress: 72.1% Step: 7210000, Average Reward: 69.52, Time Since Last Log: 0:00:11.813840
06-07 21:56:02: Progress: 72.2% Step: 7220000, Average Reward: 69.73, Time Since Last Log: 0:00:12.070493
06-07 21:56:14: Progress: 72.3% Step: 7230000, Average Reward: 69.73, Time Since Last Log: 0:00:12.044493
06-07 21:56:25: Progress: 72.4% Step: 7240000, Average Reward: 69.835, Time Since Last Log: 0:00:11.824885
06-07 21:56:37: Progress: 72.5% Step: 7250000, Average Reward: 70.111, Time Since Last Log: 0:00:11.756931
06-07 21:56:49: Progress: 72.6% Step: 7260000, Average Reward: 70.213, Time Since Last Log: 0:00:11.754941
06-07 21:57:01: Progress: 72.7% Step: 7270000, Average Reward: 70.25, Time Since Last Log: 0:00:11.823497
06-07 21:57:13: Progress: 72.8% Step: 7280000, Average Reward: 70.425, Time Since Last Log: 0:00:11.895020
06-07 21:57:25: Progress: 72.9% Step: 7290000, Average Reward: 70.564, Time Since Last Log: 0:00:11.835188
06-07 21:57:36: Progress: 73.0% Step: 7300000, Average Reward: 70.669, Time Since Last Log: 0:00:11.616590
06-07 21:57:48: Progress: 73.1% Step: 7310000, Average Reward: 70.837, Time Since Last Log: 0:00:11.924805
06-07 21:58:00: Progress: 73.2% Step: 7320000, Average Reward: 70.903, Time Since Last Log: 0:00:11.646438
06-07 21:58:12: Progress: 73.3% Step: 7330000, Average Reward: 71.086, Time Since Last Log: 0:00:12.161420
06-07 21:58:24: Progress: 73.4% Step: 7340000, Average Reward: 71.151, Time Since Last Log: 0:00:11.868483
06-07 21:58:36: Progress: 73.5% Step: 7350000, Average Reward: 71.327, Time Since Last Log: 0:00:11.765525
06-07 21:58:47: Progress: 73.6% Step: 7360000, Average Reward: 71.465, Time Since Last Log: 0:00:11.804830
06-07 21:59:00: Progress: 73.7% Step: 7370000, Average Reward: 71.606, Time Since Last Log: 0:00:12.158917
06-07 21:59:12: Progress: 73.8% Step: 7380000, Average Reward: 71.814, Time Since Last Log: 0:00:12.055486
06-07 21:59:23: Progress: 73.9% Step: 7390000, Average Reward: 71.983, Time Since Last Log: 0:00:11.895771
06-07 21:59:35: Progress: 74.0% Step: 7400000, Average Reward: 72.092, Time Since Last Log: 0:00:11.887097
06-07 21:59:47: Progress: 74.1% Step: 7410000, Average Reward: 72.261, Time Since Last Log: 0:00:11.763180
06-07 21:59:59: Progress: 74.2% Step: 7420000, Average Reward: 72.469, Time Since Last Log: 0:00:11.861583
06-07 22:00:11: Progress: 74.3% Step: 7430000, Average Reward: 72.571, Time Since Last Log: 0:00:12.015613
06-07 22:00:23: Progress: 74.4% Step: 7440000, Average Reward: 72.712, Time Since Last Log: 0:00:11.717016
06-07 22:00:34: Progress: 74.5% Step: 7450000, Average Reward: 72.956, Time Since Last Log: 0:00:11.792030
06-07 22:00:46: Progress: 74.6% Step: 7460000, Average Reward: 73.058, Time Since Last Log: 0:00:11.987051
06-07 22:00:58: Progress: 74.7% Step: 7470000, Average Reward: 73.199, Time Since Last Log: 0:00:11.639004
06-07 22:01:10: Progress: 74.8% Step: 7480000, Average Reward: 73.273, Time Since Last Log: 0:00:12.210599
06-07 22:01:22: Progress: 74.9% Step: 7490000, Average Reward: 73.55, Time Since Last Log: 0:00:12.051206
06-07 22:01:34: Progress: 75.0% Step: 7500000, Average Reward: 73.65, Time Since Last Log: 0:00:11.860736
06-07 22:01:46: Progress: 75.1% Step: 7510000, Average Reward: 73.757, Time Since Last Log: 0:00:11.798313
06-07 22:01:58: Progress: 75.2% Step: 7520000, Average Reward: 73.895, Time Since Last Log: 0:00:11.498795
06-07 22:02:09: Progress: 75.3% Step: 7530000, Average Reward: 74.036, Time Since Last Log: 0:00:11.770207
06-07 22:02:21: Progress: 75.4% Step: 7540000, Average Reward: 74.177, Time Since Last Log: 0:00:11.848450
06-07 22:02:33: Progress: 75.5% Step: 7550000, Average Reward: 74.28, Time Since Last Log: 0:00:11.823200
06-07 22:02:45: Progress: 75.6% Step: 7560000, Average Reward: 74.456, Time Since Last Log: 0:00:12.134126
06-07 22:02:57: Progress: 75.7% Step: 7570000, Average Reward: 74.558, Time Since Last Log: 0:00:11.923752
06-07 22:03:09: Progress: 75.8% Step: 7580000, Average Reward: 74.699, Time Since Last Log: 0:00:11.893577
06-07 22:03:21: Progress: 75.9% Step: 7590000, Average Reward: 74.907, Time Since Last Log: 0:00:12.008356
06-07 22:03:33: Progress: 76.0% Step: 7600000, Average Reward: 74.942, Time Since Last Log: 0:00:11.724679
06-07 22:03:44: Progress: 76.1% Step: 7610000, Average Reward: 75.15, Time Since Last Log: 0:00:11.779502
06-07 22:03:56: Progress: 76.2% Step: 7620000, Average Reward: 75.289, Time Since Last Log: 0:00:11.769854
06-07 22:04:08: Progress: 76.3% Step: 7630000, Average Reward: 75.393, Time Since Last Log: 0:00:11.555260
06-07 22:04:19: Progress: 76.4% Step: 7640000, Average Reward: 75.529, Time Since Last Log: 0:00:11.528573
06-07 22:04:31: Progress: 76.5% Step: 7650000, Average Reward: 75.742, Time Since Last Log: 0:00:11.862851
06-07 22:04:43: Progress: 76.6% Step: 7660000, Average Reward: 75.742, Time Since Last Log: 0:00:11.865459
06-07 22:04:55: Progress: 76.7% Step: 7670000, Average Reward: 75.982, Time Since Last Log: 0:00:11.661896
06-07 22:05:07: Progress: 76.8% Step: 7680000, Average Reward: 76.12, Time Since Last Log: 0:00:11.881195
06-07 22:05:18: Progress: 76.9% Step: 7690000, Average Reward: 76.262, Time Since Last Log: 0:00:11.799760
06-07 22:05:31: Progress: 77.0% Step: 7700000, Average Reward: 76.474, Time Since Last Log: 0:00:12.195790
06-07 22:05:42: Progress: 77.1% Step: 7710000, Average Reward: 76.576, Time Since Last Log: 0:00:11.926059
06-07 22:05:54: Progress: 77.2% Step: 7720000, Average Reward: 76.749, Time Since Last Log: 0:00:11.896737
06-07 22:06:06: Progress: 77.3% Step: 7730000, Average Reward: 76.785, Time Since Last Log: 0:00:11.682696
06-07 22:06:18: Progress: 77.4% Step: 7740000, Average Reward: 76.96, Time Since Last Log: 0:00:11.953228
06-07 22:06:30: Progress: 77.5% Step: 7750000, Average Reward: 77.103, Time Since Last Log: 0:00:11.875566
06-07 22:06:42: Progress: 77.6% Step: 7760000, Average Reward: 77.273, Time Since Last Log: 0:00:11.774212
06-07 22:06:54: Progress: 77.7% Step: 7770000, Average Reward: 77.406, Time Since Last Log: 0:00:12.075643
06-07 22:07:06: Progress: 77.8% Step: 7780000, Average Reward: 77.549, Time Since Last Log: 0:00:11.933693
06-07 22:07:18: Progress: 77.9% Step: 7790000, Average Reward: 77.722, Time Since Last Log: 0:00:12.002114
06-07 22:07:30: Progress: 78.0% Step: 7800000, Average Reward: 77.789, Time Since Last Log: 0:00:11.927099
06-07 22:07:41: Progress: 78.1% Step: 7810000, Average Reward: 78.031, Time Since Last Log: 0:00:11.850635
06-07 22:07:53: Progress: 78.2% Step: 7820000, Average Reward: 78.103, Time Since Last Log: 0:00:11.753361
06-07 22:08:05: Progress: 78.3% Step: 7830000, Average Reward: 78.31, Time Since Last Log: 0:00:11.860247
06-07 22:08:17: Progress: 78.4% Step: 7840000, Average Reward: 78.415, Time Since Last Log: 0:00:11.919443
06-07 22:08:29: Progress: 78.5% Step: 7850000, Average Reward: 78.553, Time Since Last Log: 0:00:12.139327
06-07 22:08:41: Progress: 78.6% Step: 7860000, Average Reward: 78.758, Time Since Last Log: 0:00:12.174533
06-07 22:08:42: Step: 7861008 Env #10: New best return at episode #556 -> 767.0!!
06-07 22:08:53: Progress: 78.7% Step: 7870000, Average Reward: 78.859, Time Since Last Log: 0:00:11.991885
06-07 22:09:05: Progress: 78.8% Step: 7880000, Average Reward: 79.068, Time Since Last Log: 0:00:11.874366
06-07 22:09:17: Progress: 78.9% Step: 7890000, Average Reward: 79.242, Time Since Last Log: 0:00:11.778321
06-07 22:09:29: Progress: 79.0% Step: 7900000, Average Reward: 79.312, Time Since Last Log: 0:00:11.660619
06-07 22:09:40: Progress: 79.1% Step: 7910000, Average Reward: 79.48, Time Since Last Log: 0:00:11.444807
06-07 22:09:52: Progress: 79.2% Step: 7920000, Average Reward: 79.617, Time Since Last Log: 0:00:11.791916
06-07 22:10:04: Progress: 79.3% Step: 7930000, Average Reward: 79.688, Time Since Last Log: 0:00:11.713271
06-07 22:10:15: Progress: 79.4% Step: 7940000, Average Reward: 79.755, Time Since Last Log: 0:00:11.494424
06-07 22:10:27: Progress: 79.5% Step: 7950000, Average Reward: 79.994, Time Since Last Log: 0:00:11.820536
06-07 22:10:38: Progress: 79.6% Step: 7960000, Average Reward: 80.098, Time Since Last Log: 0:00:11.588188
06-07 22:10:50: Progress: 79.7% Step: 7970000, Average Reward: 80.236, Time Since Last Log: 0:00:11.940849
06-07 22:11:03: Progress: 79.8% Step: 7980000, Average Reward: 80.475, Time Since Last Log: 0:00:12.135522
06-07 22:11:14: Progress: 79.9% Step: 7990000, Average Reward: 80.613, Time Since Last Log: 0:00:11.739317
06-07 22:11:26: Progress: 80.0% Step: 8000000, Average Reward: 80.714, Time Since Last Log: 0:00:12.012791
06-07 22:12:52: Test Results over 10 episodes: 
Average Reward: 359.800 
Max Reward: 443.0 
Min Reward: 179.0 
Standard Deviation: 79.116
06-07 22:13:09: Progress: 80.1% Step: 8010000, Average Reward: 80.887, Time Since Last Log: 0:01:42.250755
06-07 22:13:21: Progress: 80.2% Step: 8020000, Average Reward: 81.062, Time Since Last Log: 0:00:12.203505
06-07 22:13:33: Progress: 80.3% Step: 8030000, Average Reward: 81.132, Time Since Last Log: 0:00:12.220107
06-07 22:13:45: Progress: 80.4% Step: 8040000, Average Reward: 81.371, Time Since Last Log: 0:00:12.091372
06-07 22:13:57: Progress: 80.5% Step: 8050000, Average Reward: 81.544, Time Since Last Log: 0:00:12.272136
06-07 22:14:09: Progress: 80.6% Step: 8060000, Average Reward: 81.581, Time Since Last Log: 0:00:11.991231
06-07 22:14:21: Progress: 80.7% Step: 8070000, Average Reward: 81.82, Time Since Last Log: 0:00:11.914202
06-07 22:14:33: Progress: 80.8% Step: 8080000, Average Reward: 81.993, Time Since Last Log: 0:00:12.180252
06-07 22:14:45: Progress: 80.9% Step: 8090000, Average Reward: 82.029, Time Since Last Log: 0:00:12.025805
06-07 22:14:58: Progress: 81.0% Step: 8100000, Average Reward: 82.062, Time Since Last Log: 0:00:12.246344
06-07 22:15:10: Progress: 81.1% Step: 8110000, Average Reward: 82.373, Time Since Last Log: 0:00:11.997302
06-07 22:15:22: Progress: 81.2% Step: 8120000, Average Reward: 82.508, Time Since Last Log: 0:00:11.882032
06-07 22:15:34: Progress: 81.3% Step: 8130000, Average Reward: 82.61, Time Since Last Log: 0:00:12.264644
06-07 22:15:45: Progress: 81.4% Step: 8140000, Average Reward: 82.68, Time Since Last Log: 0:00:11.616464
06-07 22:15:58: Progress: 81.5% Step: 8150000, Average Reward: 82.922, Time Since Last Log: 0:00:12.190442
06-07 22:16:10: Progress: 81.6% Step: 8160000, Average Reward: 83.022, Time Since Last Log: 0:00:12.085420
06-07 22:16:21: Progress: 81.7% Step: 8170000, Average Reward: 83.091, Time Since Last Log: 0:00:11.631920
06-07 22:16:34: Progress: 81.8% Step: 8180000, Average Reward: 83.232, Time Since Last Log: 0:00:12.192486
06-07 22:16:45: Progress: 81.9% Step: 8190000, Average Reward: 83.469, Time Since Last Log: 0:00:11.727535
06-07 22:16:57: Progress: 82.0% Step: 8200000, Average Reward: 83.606, Time Since Last Log: 0:00:11.882173
06-07 22:17:10: Progress: 82.1% Step: 8210000, Average Reward: 83.642, Time Since Last Log: 0:00:12.443965
06-07 22:17:22: Progress: 82.2% Step: 8220000, Average Reward: 83.809, Time Since Last Log: 0:00:12.047637
06-07 22:17:34: Progress: 82.3% Step: 8230000, Average Reward: 83.946, Time Since Last Log: 0:00:11.952611
06-07 22:17:45: Progress: 82.4% Step: 8240000, Average Reward: 84.118, Time Since Last Log: 0:00:11.871272
06-07 22:17:58: Progress: 82.5% Step: 8250000, Average Reward: 84.224, Time Since Last Log: 0:00:12.105650
06-07 22:18:10: Progress: 82.6% Step: 8260000, Average Reward: 84.256, Time Since Last Log: 0:00:12.380466
06-07 22:18:22: Progress: 82.7% Step: 8270000, Average Reward: 84.464, Time Since Last Log: 0:00:11.994653
06-07 22:18:34: Progress: 82.8% Step: 8280000, Average Reward: 84.567, Time Since Last Log: 0:00:11.755503
06-07 22:18:46: Progress: 82.9% Step: 8290000, Average Reward: 84.672, Time Since Last Log: 0:00:12.127173
06-07 22:18:58: Progress: 83.0% Step: 8300000, Average Reward: 84.775, Time Since Last Log: 0:00:12.214481
06-07 22:19:03: Step: 8304144 Env #15: New best return at episode #604 -> 840.0!!
06-07 22:19:10: Progress: 83.1% Step: 8310000, Average Reward: 85.013, Time Since Last Log: 0:00:12.386672
06-07 22:19:22: Progress: 83.2% Step: 8320000, Average Reward: 85.05, Time Since Last Log: 0:00:11.879595
06-07 22:19:34: Progress: 83.3% Step: 8330000, Average Reward: 85.189, Time Since Last Log: 0:00:11.845487
06-07 22:19:46: Progress: 83.4% Step: 8340000, Average Reward: 85.431, Time Since Last Log: 0:00:12.082360
06-07 22:19:58: Progress: 83.5% Step: 8350000, Average Reward: 85.53, Time Since Last Log: 0:00:12.131576
06-07 22:20:10: Progress: 83.6% Step: 8360000, Average Reward: 85.6, Time Since Last Log: 0:00:11.883382
06-07 22:20:22: Progress: 83.7% Step: 8370000, Average Reward: 85.738, Time Since Last Log: 0:00:12.123539
06-07 22:20:35: Progress: 83.8% Step: 8380000, Average Reward: 85.88, Time Since Last Log: 0:00:12.202837
06-07 22:20:46: Progress: 83.9% Step: 8390000, Average Reward: 86.047, Time Since Last Log: 0:00:11.908240
06-07 22:20:58: Progress: 84.0% Step: 8400000, Average Reward: 86.116, Time Since Last Log: 0:00:11.755622
06-07 22:21:10: Progress: 84.1% Step: 8410000, Average Reward: 86.252, Time Since Last Log: 0:00:11.870239
06-07 22:21:22: Progress: 84.2% Step: 8420000, Average Reward: 86.46, Time Since Last Log: 0:00:11.926327
06-07 22:21:34: Progress: 84.3% Step: 8430000, Average Reward: 86.564, Time Since Last Log: 0:00:11.909109
06-07 22:21:46: Progress: 84.4% Step: 8440000, Average Reward: 86.63, Time Since Last Log: 0:00:12.099368
06-07 22:21:58: Progress: 84.5% Step: 8450000, Average Reward: 86.767, Time Since Last Log: 0:00:12.313990
06-07 22:22:10: Progress: 84.6% Step: 8460000, Average Reward: 86.972, Time Since Last Log: 0:00:12.061263
06-07 22:22:22: Progress: 84.7% Step: 8470000, Average Reward: 87.179, Time Since Last Log: 0:00:11.894183
06-07 22:22:34: Progress: 84.8% Step: 8480000, Average Reward: 87.243, Time Since Last Log: 0:00:11.575587
06-07 22:22:46: Progress: 84.9% Step: 8490000, Average Reward: 87.311, Time Since Last Log: 0:00:11.915216
06-07 22:22:58: Progress: 85.0% Step: 8500000, Average Reward: 87.487, Time Since Last Log: 0:00:11.733274
06-07 22:23:10: Progress: 85.1% Step: 8510000, Average Reward: 87.592, Time Since Last Log: 0:00:12.186875
06-07 22:23:22: Progress: 85.2% Step: 8520000, Average Reward: 87.825, Time Since Last Log: 0:00:12.181584
06-07 22:23:34: Progress: 85.3% Step: 8530000, Average Reward: 87.897, Time Since Last Log: 0:00:12.063138
06-07 22:23:46: Progress: 85.4% Step: 8540000, Average Reward: 88.134, Time Since Last Log: 0:00:12.180326
06-07 22:23:58: Progress: 85.5% Step: 8550000, Average Reward: 88.203, Time Since Last Log: 0:00:12.263588
06-07 22:24:11: Progress: 85.6% Step: 8560000, Average Reward: 88.303, Time Since Last Log: 0:00:12.375358
06-07 22:24:23: Progress: 85.7% Step: 8570000, Average Reward: 88.539, Time Since Last Log: 0:00:12.212744
06-07 22:24:35: Progress: 85.8% Step: 8580000, Average Reward: 88.71, Time Since Last Log: 0:00:12.322166
06-07 22:24:47: Progress: 85.9% Step: 8590000, Average Reward: 88.746, Time Since Last Log: 0:00:11.990781
06-07 22:25:00: Progress: 86.0% Step: 8600000, Average Reward: 88.982, Time Since Last Log: 0:00:12.273237
06-07 22:25:12: Progress: 86.1% Step: 8610000, Average Reward: 89.087, Time Since Last Log: 0:00:12.333019
06-07 22:25:24: Progress: 86.2% Step: 8620000, Average Reward: 89.29, Time Since Last Log: 0:00:12.202536
06-07 22:25:36: Progress: 86.3% Step: 8630000, Average Reward: 89.357, Time Since Last Log: 0:00:12.187812
06-07 22:25:48: Progress: 86.4% Step: 8640000, Average Reward: 89.559, Time Since Last Log: 0:00:12.056465
06-07 22:26:01: Progress: 86.5% Step: 8650000, Average Reward: 89.696, Time Since Last Log: 0:00:12.361405
06-07 22:26:13: Progress: 86.6% Step: 8660000, Average Reward: 89.829, Time Since Last Log: 0:00:11.859866
06-07 22:26:25: Progress: 86.7% Step: 8670000, Average Reward: 89.928, Time Since Last Log: 0:00:12.028529
06-07 22:26:37: Progress: 86.8% Step: 8680000, Average Reward: 90.031, Time Since Last Log: 0:00:12.033533
06-07 22:26:49: Progress: 86.9% Step: 8690000, Average Reward: 90.237, Time Since Last Log: 0:00:12.003892
06-07 22:27:01: Progress: 87.0% Step: 8700000, Average Reward: 90.367, Time Since Last Log: 0:00:12.378150
06-07 22:27:13: Progress: 87.1% Step: 8710000, Average Reward: 90.435, Time Since Last Log: 0:00:12.279251
06-07 22:27:25: Progress: 87.2% Step: 8720000, Average Reward: 90.602, Time Since Last Log: 0:00:11.695351
06-07 22:27:37: Progress: 87.3% Step: 8730000, Average Reward: 90.638, Time Since Last Log: 0:00:12.176122
06-07 22:27:49: Progress: 87.4% Step: 8740000, Average Reward: 90.938, Time Since Last Log: 0:00:12.270401
06-07 22:28:02: Progress: 87.5% Step: 8750000, Average Reward: 91.042, Time Since Last Log: 0:00:12.375756
06-07 22:28:14: Progress: 87.6% Step: 8760000, Average Reward: 91.074, Time Since Last Log: 0:00:12.111235
06-07 22:28:26: Progress: 87.7% Step: 8770000, Average Reward: 91.242, Time Since Last Log: 0:00:12.106680
06-07 22:28:38: Progress: 87.8% Step: 8780000, Average Reward: 91.51, Time Since Last Log: 0:00:12.283277
06-07 22:28:50: Progress: 87.9% Step: 8790000, Average Reward: 91.642, Time Since Last Log: 0:00:12.067071
06-07 22:29:02: Progress: 88.0% Step: 8800000, Average Reward: 91.746, Time Since Last Log: 0:00:12.070697
06-07 22:29:14: Progress: 88.1% Step: 8810000, Average Reward: 91.811, Time Since Last Log: 0:00:11.732224
06-07 22:29:26: Progress: 88.2% Step: 8820000, Average Reward: 92.013, Time Since Last Log: 0:00:11.790270
06-07 22:29:38: Progress: 88.3% Step: 8830000, Average Reward: 92.146, Time Since Last Log: 0:00:12.187378
06-07 22:29:50: Progress: 88.4% Step: 8840000, Average Reward: 92.216, Time Since Last Log: 0:00:11.929797
06-07 22:30:02: Progress: 88.5% Step: 8850000, Average Reward: 92.411, Time Since Last Log: 0:00:12.316068
06-07 22:30:15: Progress: 88.6% Step: 8860000, Average Reward: 92.548, Time Since Last Log: 0:00:12.136645
06-07 22:30:27: Progress: 88.7% Step: 8870000, Average Reward: 92.648, Time Since Last Log: 0:00:12.192990
06-07 22:30:39: Progress: 88.8% Step: 8880000, Average Reward: 92.747, Time Since Last Log: 0:00:12.273276
06-07 22:30:51: Progress: 88.9% Step: 8890000, Average Reward: 92.913, Time Since Last Log: 0:00:12.102209
06-07 22:31:04: Progress: 89.0% Step: 8900000, Average Reward: 93.048, Time Since Last Log: 0:00:12.385697
06-07 22:31:16: Progress: 89.1% Step: 8910000, Average Reward: 93.214, Time Since Last Log: 0:00:12.356226
06-07 22:31:28: Progress: 89.2% Step: 8920000, Average Reward: 93.276, Time Since Last Log: 0:00:12.139932
06-07 22:31:40: Progress: 89.3% Step: 8930000, Average Reward: 93.505, Time Since Last Log: 0:00:12.041731
06-07 22:31:52: Progress: 89.4% Step: 8940000, Average Reward: 93.573, Time Since Last Log: 0:00:12.355869
06-07 22:32:05: Progress: 89.5% Step: 8950000, Average Reward: 93.64, Time Since Last Log: 0:00:12.129500
06-07 22:32:17: Progress: 89.6% Step: 8960000, Average Reward: 93.901, Time Since Last Log: 0:00:12.143177
06-07 22:32:29: Progress: 89.7% Step: 8970000, Average Reward: 94.098, Time Since Last Log: 0:00:12.037939
06-07 22:32:41: Progress: 89.8% Step: 8980000, Average Reward: 94.132, Time Since Last Log: 0:00:12.346725
06-07 22:32:53: Progress: 89.9% Step: 8990000, Average Reward: 94.228, Time Since Last Log: 0:00:12.101736
06-07 22:33:05: Progress: 90.0% Step: 9000000, Average Reward: 94.458, Time Since Last Log: 0:00:12.151365
06-07 22:35:13: Test Results over 10 episodes: 
Average Reward: 398.500 
Max Reward: 438.0 
Min Reward: 296.0 
Standard Deviation: 42.174
06-07 22:35:34: Progress: 90.1% Step: 9010000, Average Reward: 94.592, Time Since Last Log: 0:02:28.464248
06-07 22:35:46: Progress: 90.2% Step: 9020000, Average Reward: 94.66, Time Since Last Log: 0:00:12.332294
06-07 22:35:58: Progress: 90.3% Step: 9030000, Average Reward: 94.856, Time Since Last Log: 0:00:12.177050
06-07 22:36:10: Progress: 90.4% Step: 9040000, Average Reward: 94.951, Time Since Last Log: 0:00:12.113884
06-07 22:36:23: Progress: 90.5% Step: 9050000, Average Reward: 95.085, Time Since Last Log: 0:00:12.332539
06-07 22:36:35: Progress: 90.6% Step: 9060000, Average Reward: 95.187, Time Since Last Log: 0:00:12.326648
06-07 22:36:47: Progress: 90.7% Step: 9070000, Average Reward: 95.41, Time Since Last Log: 0:00:11.946249
06-07 22:36:59: Progress: 90.8% Step: 9080000, Average Reward: 95.473, Time Since Last Log: 0:00:12.127604
06-07 22:37:11: Progress: 90.9% Step: 9090000, Average Reward: 95.609, Time Since Last Log: 0:00:12.253416
06-07 22:37:24: Progress: 91.0% Step: 9100000, Average Reward: 95.708, Time Since Last Log: 0:00:12.408473
06-07 22:37:36: Progress: 91.1% Step: 9110000, Average Reward: 95.868, Time Since Last Log: 0:00:12.159948
06-07 22:37:48: Progress: 91.2% Step: 9120000, Average Reward: 95.994, Time Since Last Log: 0:00:12.027630
06-07 22:38:00: Progress: 91.3% Step: 9130000, Average Reward: 96.093, Time Since Last Log: 0:00:12.222924
06-07 22:38:12: Progress: 91.4% Step: 9140000, Average Reward: 96.256, Time Since Last Log: 0:00:11.936571
06-07 22:38:25: Progress: 91.5% Step: 9150000, Average Reward: 96.355, Time Since Last Log: 0:00:12.348377
06-07 22:38:37: Progress: 91.6% Step: 9160000, Average Reward: 96.55, Time Since Last Log: 0:00:12.028284
06-07 22:38:49: Progress: 91.7% Step: 9170000, Average Reward: 96.648, Time Since Last Log: 0:00:11.984575
06-07 22:39:01: Progress: 91.8% Step: 9180000, Average Reward: 96.778, Time Since Last Log: 0:00:12.118178
06-07 22:39:13: Progress: 91.9% Step: 9190000, Average Reward: 96.873, Time Since Last Log: 0:00:11.951068
06-07 22:39:25: Progress: 92.0% Step: 9200000, Average Reward: 97.002, Time Since Last Log: 0:00:12.106136
06-07 22:39:37: Progress: 92.1% Step: 9210000, Average Reward: 97.135, Time Since Last Log: 0:00:11.947455
06-07 22:39:49: Progress: 92.2% Step: 9220000, Average Reward: 97.232, Time Since Last Log: 0:00:11.959841
06-07 22:40:01: Progress: 92.3% Step: 9230000, Average Reward: 97.295, Time Since Last Log: 0:00:12.392851
06-07 22:40:13: Progress: 92.4% Step: 9240000, Average Reward: 97.391, Time Since Last Log: 0:00:12.190709
06-07 22:40:25: Progress: 92.5% Step: 9250000, Average Reward: 97.459, Time Since Last Log: 0:00:11.796683
06-07 22:40:37: Progress: 92.6% Step: 9260000, Average Reward: 97.621, Time Since Last Log: 0:00:12.001078
06-07 22:40:49: Progress: 92.7% Step: 9270000, Average Reward: 97.686, Time Since Last Log: 0:00:11.817866
06-07 22:41:01: Progress: 92.8% Step: 9280000, Average Reward: 97.846, Time Since Last Log: 0:00:11.934722
06-07 22:41:13: Progress: 92.9% Step: 9290000, Average Reward: 98.046, Time Since Last Log: 0:00:12.297377
06-07 22:41:25: Progress: 93.0% Step: 9300000, Average Reward: 98.077, Time Since Last Log: 0:00:12.370986
06-07 22:41:37: Progress: 93.1% Step: 9310000, Average Reward: 98.172, Time Since Last Log: 0:00:11.987320
06-07 22:41:50: Progress: 93.2% Step: 9320000, Average Reward: 98.237, Time Since Last Log: 0:00:12.112337
06-07 22:42:02: Progress: 93.3% Step: 9330000, Average Reward: 98.469, Time Since Last Log: 0:00:12.436265
06-07 22:42:14: Progress: 93.4% Step: 9340000, Average Reward: 98.469, Time Since Last Log: 0:00:12.263876
06-07 22:42:26: Progress: 93.5% Step: 9350000, Average Reward: 98.628, Time Since Last Log: 0:00:11.994563
06-07 22:42:38: Progress: 93.6% Step: 9360000, Average Reward: 98.757, Time Since Last Log: 0:00:12.027403
06-07 22:42:50: Progress: 93.7% Step: 9370000, Average Reward: 98.858, Time Since Last Log: 0:00:11.952063
06-07 22:43:02: Progress: 93.8% Step: 9380000, Average Reward: 98.924, Time Since Last Log: 0:00:12.083022
06-07 22:43:15: Progress: 93.9% Step: 9390000, Average Reward: 99.116, Time Since Last Log: 0:00:12.236531
06-07 22:43:27: Progress: 94.0% Step: 9400000, Average Reward: 99.313, Time Since Last Log: 0:00:12.146197
06-07 22:43:39: Progress: 94.1% Step: 9410000, Average Reward: 99.313, Time Since Last Log: 0:00:12.213351
06-07 22:43:51: Progress: 94.2% Step: 9420000, Average Reward: 99.44, Time Since Last Log: 0:00:12.101828
06-07 22:44:03: Progress: 94.3% Step: 9430000, Average Reward: 99.67, Time Since Last Log: 0:00:12.276699
06-07 22:44:15: Progress: 94.4% Step: 9440000, Average Reward: 99.796, Time Since Last Log: 0:00:12.212870
06-07 22:44:28: Progress: 94.5% Step: 9450000, Average Reward: 99.796, Time Since Last Log: 0:00:12.193402
06-07 22:44:40: Progress: 94.6% Step: 9460000, Average Reward: 99.963, Time Since Last Log: 0:00:11.936511
06-07 22:44:52: Progress: 94.7% Step: 9470000, Average Reward: 100.192, Time Since Last Log: 0:00:12.014515
06-07 22:45:03: Progress: 94.8% Step: 9480000, Average Reward: 100.253, Time Since Last Log: 0:00:11.804965
06-07 22:45:16: Progress: 94.9% Step: 9490000, Average Reward: 100.448, Time Since Last Log: 0:00:12.270821
06-07 22:45:28: Progress: 95.0% Step: 9500000, Average Reward: 100.576, Time Since Last Log: 0:00:11.910869
06-07 22:45:40: Progress: 95.1% Step: 9510000, Average Reward: 100.639, Time Since Last Log: 0:00:11.980052
06-07 22:45:52: Progress: 95.2% Step: 9520000, Average Reward: 100.766, Time Since Last Log: 0:00:12.235777
06-07 22:46:04: Progress: 95.3% Step: 9530000, Average Reward: 100.96, Time Since Last Log: 0:00:12.115256
06-07 22:46:16: Progress: 95.4% Step: 9540000, Average Reward: 101.155, Time Since Last Log: 0:00:12.461070
06-07 22:46:28: Progress: 95.5% Step: 9550000, Average Reward: 101.155, Time Since Last Log: 0:00:12.050338
06-07 22:46:41: Progress: 95.6% Step: 9560000, Average Reward: 101.28, Time Since Last Log: 0:00:12.218796
06-07 22:46:53: Progress: 95.7% Step: 9570000, Average Reward: 101.374, Time Since Last Log: 0:00:11.996769
06-07 22:47:05: Progress: 95.8% Step: 9580000, Average Reward: 101.568, Time Since Last Log: 0:00:12.098795
06-07 22:47:17: Progress: 95.9% Step: 9590000, Average Reward: 101.672, Time Since Last Log: 0:00:12.605071
06-07 22:47:30: Progress: 96.0% Step: 9600000, Average Reward: 101.793, Time Since Last Log: 0:00:12.239924
06-07 22:47:42: Progress: 96.1% Step: 9610000, Average Reward: 101.922, Time Since Last Log: 0:00:11.963966
06-07 22:47:54: Progress: 96.2% Step: 9620000, Average Reward: 102.113, Time Since Last Log: 0:00:12.061534
06-07 22:48:06: Progress: 96.3% Step: 9630000, Average Reward: 102.147, Time Since Last Log: 0:00:12.208168
06-07 22:48:18: Progress: 96.4% Step: 9640000, Average Reward: 102.309, Time Since Last Log: 0:00:12.107788
06-07 22:48:30: Progress: 96.5% Step: 9650000, Average Reward: 102.402, Time Since Last Log: 0:00:12.367054
06-07 22:48:42: Progress: 96.6% Step: 9660000, Average Reward: 102.529, Time Since Last Log: 0:00:12.073430
06-07 22:48:55: Progress: 96.7% Step: 9670000, Average Reward: 102.657, Time Since Last Log: 0:00:12.159219
06-07 22:49:07: Progress: 96.8% Step: 9680000, Average Reward: 102.757, Time Since Last Log: 0:00:12.192026
06-07 22:49:19: Progress: 96.9% Step: 9690000, Average Reward: 102.949, Time Since Last Log: 0:00:12.120620
06-07 22:49:31: Progress: 97.0% Step: 9700000, Average Reward: 103.074, Time Since Last Log: 0:00:12.103472
06-07 22:49:43: Progress: 97.1% Step: 9710000, Average Reward: 103.171, Time Since Last Log: 0:00:12.116177
06-07 22:49:55: Progress: 97.2% Step: 9720000, Average Reward: 103.268, Time Since Last Log: 0:00:12.198545
06-07 22:50:07: Progress: 97.3% Step: 9730000, Average Reward: 103.363, Time Since Last Log: 0:00:12.001529
06-07 22:50:19: Progress: 97.4% Step: 9740000, Average Reward: 103.555, Time Since Last Log: 0:00:11.623750
06-07 22:50:31: Progress: 97.5% Step: 9750000, Average Reward: 103.617, Time Since Last Log: 0:00:12.170244
06-07 22:50:43: Progress: 97.6% Step: 9760000, Average Reward: 103.683, Time Since Last Log: 0:00:11.805500
06-07 22:50:55: Progress: 97.7% Step: 9770000, Average Reward: 103.783, Time Since Last Log: 0:00:12.033940
06-07 22:51:07: Progress: 97.8% Step: 9780000, Average Reward: 104.005, Time Since Last Log: 0:00:12.244919
06-07 22:51:19: Progress: 97.9% Step: 9790000, Average Reward: 104.159, Time Since Last Log: 0:00:12.285862
06-07 22:51:31: Progress: 98.0% Step: 9800000, Average Reward: 104.192, Time Since Last Log: 0:00:11.975218
06-07 22:51:44: Progress: 98.1% Step: 9810000, Average Reward: 104.479, Time Since Last Log: 0:00:12.203186
06-07 22:51:56: Progress: 98.2% Step: 9820000, Average Reward: 104.671, Time Since Last Log: 0:00:12.317650
06-07 22:52:08: Progress: 98.3% Step: 9830000, Average Reward: 104.735, Time Since Last Log: 0:00:12.372482
06-07 22:52:20: Progress: 98.4% Step: 9840000, Average Reward: 104.8, Time Since Last Log: 0:00:11.747389
06-07 22:52:32: Progress: 98.5% Step: 9850000, Average Reward: 104.927, Time Since Last Log: 0:00:12.049193
06-07 22:52:44: Progress: 98.6% Step: 9860000, Average Reward: 105.089, Time Since Last Log: 0:00:12.262532
06-07 22:52:57: Progress: 98.7% Step: 9870000, Average Reward: 105.309, Time Since Last Log: 0:00:12.193766
06-07 22:53:09: Progress: 98.8% Step: 9880000, Average Reward: 105.34, Time Since Last Log: 0:00:12.209040
06-07 22:53:21: Progress: 98.9% Step: 9890000, Average Reward: 105.435, Time Since Last Log: 0:00:11.991059
06-07 22:53:33: Progress: 99.0% Step: 9900000, Average Reward: 105.53, Time Since Last Log: 0:00:11.812320
06-07 22:53:44: Progress: 99.1% Step: 9910000, Average Reward: 105.653, Time Since Last Log: 0:00:11.719480
06-07 22:53:56: Progress: 99.2% Step: 9920000, Average Reward: 105.783, Time Since Last Log: 0:00:12.113947
06-07 22:54:08: Progress: 99.3% Step: 9930000, Average Reward: 105.846, Time Since Last Log: 0:00:11.632808
06-07 22:54:20: Progress: 99.4% Step: 9940000, Average Reward: 105.977, Time Since Last Log: 0:00:12.120947
06-07 22:54:32: Progress: 99.5% Step: 9950000, Average Reward: 106.009, Time Since Last Log: 0:00:11.902787
06-07 22:54:44: Progress: 99.6% Step: 9960000, Average Reward: 106.228, Time Since Last Log: 0:00:11.928197
06-07 22:54:56: Progress: 99.7% Step: 9970000, Average Reward: 106.322, Time Since Last Log: 0:00:12.257750
06-07 22:55:08: Progress: 99.8% Step: 9980000, Average Reward: 106.387, Time Since Last Log: 0:00:12.204111
06-07 22:55:20: Progress: 99.9% Step: 9990000, Average Reward: 106.451, Time Since Last Log: 0:00:12.020611
06-07 22:55:33: Progress: 100.0% Step: 10000000, Average Reward: 106.583, Time Since Last Log: 0:00:12.259679
06-07 22:57:28: Test Results over 10 episodes: 
Average Reward: 400.600 
Max Reward: 425.0 
Min Reward: 313.0 
Standard Deviation: 31.290
06-07 23:18:41: Test Results over 100 episodes: 
Average Reward: 389.170 
Max Reward: 834.0 
Min Reward: 31.0 
Standard Deviation: 99.487
